link_id,from_node_id,to_node_id,macro_link_id,lane_no,link_type,length,speed_limit,additional_cost
0,0,1,1,,travelling,0.007,126,1
1,1,2,1,,travelling,0.007,126,1
2,2,3,1,,travelling,0.007,126,1
3,3,4,1,,travelling,0.007,126,1
4,4,5,1,,travelling,0.007,126,1
5,5,6,1,,travelling,0.007,126,1
6,6,7,1,,travelling,0.007,126,1
7,7,8,1,,travelling,0.007,126,1
8,8,9,1,,travelling,0.007,126,1
9,9,10,1,,travelling,0.007,126,1
10,10,11,1,,travelling,0.007,126,1
11,11,12,1,,travelling,0.007,126,1
12,12,13,1,,travelling,0.007,126,1
13,13,14,1,,travelling,0.007,126,1
14,14,15,1,,travelling,0.007,126,1
15,15,16,1,,travelling,0.007,126,1
16,16,17,1,,travelling,0.007,126,1
17,17,18,1,,travelling,0.007,126,1
18,18,19,1,,travelling,0.007,126,1
19,19,20,1,,travelling,0.007,126,1
20,20,21,1,,travelling,0.007,126,1
21,21,22,1,,travelling,0.007,126,1
22,22,23,1,,travelling,0.007,126,1
23,23,24,1,,travelling,0.007,126,1
24,24,25,1,,travelling,0.007,126,1
25,25,26,1,,travelling,0.007,126,1
26,26,27,1,,travelling,0.007,126,1
27,27,28,1,,travelling,0.007,126,1
28,28,29,1,,travelling,0.007,126,1
29,30,31,1,,travelling,0.007,126,1
30,31,32,1,,travelling,0.007,126,1
31,32,33,1,,travelling,0.007,126,1
32,33,34,1,,travelling,0.007,126,1
33,34,35,1,,travelling,0.007,126,1
34,35,36,1,,travelling,0.007,126,1
35,36,37,1,,travelling,0.007,126,1
36,37,38,1,,travelling,0.007,126,1
37,38,39,1,,travelling,0.007,126,1
38,39,40,1,,travelling,0.007,126,1
39,40,41,1,,travelling,0.007,126,1
40,41,42,1,,travelling,0.007,126,1
41,42,43,1,,travelling,0.007,126,1
42,43,44,1,,travelling,0.007,126,1
43,44,45,1,,travelling,0.007,126,1
44,45,46,1,,travelling,0.007,126,1
45,46,47,1,,travelling,0.007,126,1
46,47,48,1,,travelling,0.007,126,1
47,48,49,1,,travelling,0.007,126,1
48,49,50,1,,travelling,0.007,126,1
49,50,51,1,,travelling,0.007,126,1
50,51,52,1,,travelling,0.007,126,1
51,52,53,1,,travelling,0.007,126,1
52,53,54,1,,travelling,0.007,126,1
53,54,55,1,,travelling,0.007,126,1
54,55,56,1,,travelling,0.007,126,1
55,56,57,1,,travelling,0.007,126,1
56,57,58,1,,travelling,0.007,126,1
57,58,59,1,,travelling,0.007,126,1
58,60,61,1,,travelling,0.007,126,1
59,61,62,1,,travelling,0.007,126,1
60,62,63,1,,travelling,0.007,126,1
61,63,64,1,,travelling,0.007,126,1
62,64,65,1,,travelling,0.007,126,1
63,65,66,1,,travelling,0.007,126,1
64,66,67,1,,travelling,0.007,126,1
65,67,68,1,,travelling,0.007,126,1
66,68,69,1,,travelling,0.007,126,1
67,69,70,1,,travelling,0.007,126,1
68,70,71,1,,travelling,0.007,126,1
69,71,72,1,,travelling,0.007,126,1
70,72,73,1,,travelling,0.007,126,1
71,73,74,1,,travelling,0.007,126,1
72,74,75,1,,travelling,0.007,126,1
73,75,76,1,,travelling,0.007,126,1
74,76,77,1,,travelling,0.007,126,1
75,77,78,1,,travelling,0.007,126,1
76,78,79,1,,travelling,0.007,126,1
77,79,80,1,,travelling,0.007,126,1
78,80,81,1,,travelling,0.007,126,1
79,81,82,1,,travelling,0.007,126,1
80,82,83,1,,travelling,0.007,126,1
81,83,84,1,,travelling,0.007,126,1
82,84,85,1,,travelling,0.007,126,1
83,85,86,1,,travelling,0.007,126,1
84,86,87,1,,travelling,0.007,126,1
85,87,88,1,,travelling,0.007,126,1
86,88,89,1,,travelling,0.007,126,1
87,90,91,1,,travelling,0.007,126,1
88,91,92,1,,travelling,0.007,126,1
89,92,93,1,,travelling,0.007,126,1
90,93,94,1,,travelling,0.007,126,1
91,94,95,1,,travelling,0.007,126,1
92,95,96,1,,travelling,0.007,126,1
93,96,97,1,,travelling,0.007,126,1
94,97,98,1,,travelling,0.007,126,1
95,98,99,1,,travelling,0.007,126,1
96,99,100,1,,travelling,0.007,126,1
97,100,101,1,,travelling,0.007,126,1
98,101,102,1,,travelling,0.007,126,1
99,102,103,1,,travelling,0.007,126,1
100,103,104,1,,travelling,0.007,126,1
101,104,105,1,,travelling,0.007,126,1
102,105,106,1,,travelling,0.007,126,1
103,106,107,1,,travelling,0.007,126,1
104,107,108,1,,travelling,0.007,126,1
105,108,109,1,,travelling,0.007,126,1
106,109,110,1,,travelling,0.007,126,1
107,110,111,1,,travelling,0.007,126,1
108,111,112,1,,travelling,0.007,126,1
109,112,113,1,,travelling,0.007,126,1
110,113,114,1,,travelling,0.007,126,1
111,114,115,1,,travelling,0.007,126,1
112,115,116,1,,travelling,0.007,126,1
113,116,117,1,,travelling,0.007,126,1
114,117,118,1,,travelling,0.007,126,1
115,118,119,1,,travelling,0.007,126,1
116,120,121,1,,travelling,0.007,126,1
117,121,122,1,,travelling,0.007,126,1
118,122,123,1,,travelling,0.007,126,1
119,123,124,1,,travelling,0.007,126,1
120,124,125,1,,travelling,0.007,126,1
121,125,126,1,,travelling,0.007,126,1
122,126,127,1,,travelling,0.007,126,1
123,127,128,1,,travelling,0.007,126,1
124,128,129,1,,travelling,0.007,126,1
125,129,130,1,,travelling,0.007,126,1
126,130,131,1,,travelling,0.007,126,1
127,131,132,1,,travelling,0.007,126,1
128,132,133,1,,travelling,0.007,126,1
129,133,134,1,,travelling,0.007,126,1
130,134,135,1,,travelling,0.007,126,1
131,135,136,1,,travelling,0.007,126,1
132,136,137,1,,travelling,0.007,126,1
133,137,138,1,,travelling,0.007,126,1
134,138,139,1,,travelling,0.007,126,1
135,139,140,1,,travelling,0.007,126,1
136,140,141,1,,travelling,0.007,126,1
137,141,142,1,,travelling,0.007,126,1
138,142,143,1,,travelling,0.007,126,1
139,143,144,1,,travelling,0.007,126,1
140,144,145,1,,travelling,0.007,126,1
141,145,146,1,,travelling,0.007,126,1
142,146,147,1,,travelling,0.007,126,1
143,147,148,1,,travelling,0.007,126,1
144,148,149,1,,travelling,0.007,126,1
145,150,151,2,,travelling,0.007,126,1
146,151,152,2,,travelling,0.007,126,1
147,152,153,2,,travelling,0.007,126,1
148,153,154,2,,travelling,0.007,126,1
149,154,155,2,,travelling,0.007,126,1
150,155,156,2,,travelling,0.007,126,1
151,156,157,2,,travelling,0.007,126,1
152,157,158,2,,travelling,0.007,126,1
153,158,159,2,,travelling,0.007,126,1
154,159,160,2,,travelling,0.007,126,1
155,160,161,2,,travelling,0.007,126,1
156,161,162,2,,travelling,0.007,126,1
157,162,163,2,,travelling,0.007,126,1
158,163,164,2,,travelling,0.007,126,1
159,164,165,2,,travelling,0.007,126,1
160,165,166,2,,travelling,0.007,126,1
161,166,167,2,,travelling,0.007,126,1
162,167,168,2,,travelling,0.007,126,1
163,168,169,2,,travelling,0.007,126,1
164,169,170,2,,travelling,0.007,126,1
165,170,171,2,,travelling,0.007,126,1
166,171,172,2,,travelling,0.007,126,1
167,172,173,2,,travelling,0.007,126,1
168,173,174,2,,travelling,0.007,126,1
169,174,175,2,,travelling,0.007,126,1
170,175,176,2,,travelling,0.007,126,1
171,176,177,2,,travelling,0.007,126,1
172,177,178,2,,travelling,0.007,126,1
173,178,179,2,,travelling,0.007,126,1
174,180,181,2,,travelling,0.007,126,1
175,181,182,2,,travelling,0.007,126,1
176,182,183,2,,travelling,0.007,126,1
177,183,184,2,,travelling,0.007,126,1
178,184,185,2,,travelling,0.007,126,1
179,185,186,2,,travelling,0.007,126,1
180,186,187,2,,travelling,0.007,126,1
181,187,188,2,,travelling,0.007,126,1
182,188,189,2,,travelling,0.007,126,1
183,189,190,2,,travelling,0.007,126,1
184,190,191,2,,travelling,0.007,126,1
185,191,192,2,,travelling,0.007,126,1
186,192,193,2,,travelling,0.007,126,1
187,193,194,2,,travelling,0.007,126,1
188,194,195,2,,travelling,0.007,126,1
189,195,196,2,,travelling,0.007,126,1
190,196,197,2,,travelling,0.007,126,1
191,197,198,2,,travelling,0.007,126,1
192,198,199,2,,travelling,0.007,126,1
193,199,200,2,,travelling,0.007,126,1
194,200,201,2,,travelling,0.007,126,1
195,201,202,2,,travelling,0.007,126,1
196,202,203,2,,travelling,0.007,126,1
197,203,204,2,,travelling,0.007,126,1
198,204,205,2,,travelling,0.007,126,1
199,205,206,2,,travelling,0.007,126,1
200,206,207,2,,travelling,0.007,126,1
201,207,208,2,,travelling,0.007,126,1
202,208,209,2,,travelling,0.007,126,1
203,210,211,2,,travelling,0.007,126,1
204,211,212,2,,travelling,0.007,126,1
205,212,213,2,,travelling,0.007,126,1
206,213,214,2,,travelling,0.007,126,1
207,214,215,2,,travelling,0.007,126,1
208,215,216,2,,travelling,0.007,126,1
209,216,217,2,,travelling,0.007,126,1
210,217,218,2,,travelling,0.007,126,1
211,218,219,2,,travelling,0.007,126,1
212,219,220,2,,travelling,0.007,126,1
213,220,221,2,,travelling,0.007,126,1
214,221,222,2,,travelling,0.007,126,1
215,222,223,2,,travelling,0.007,126,1
216,223,224,2,,travelling,0.007,126,1
217,224,225,2,,travelling,0.007,126,1
218,225,226,2,,travelling,0.007,126,1
219,226,227,2,,travelling,0.007,126,1
220,227,228,2,,travelling,0.007,126,1
221,228,229,2,,travelling,0.007,126,1
222,229,230,2,,travelling,0.007,126,1
223,230,231,2,,travelling,0.007,126,1
224,231,232,2,,travelling,0.007,126,1
225,232,233,2,,travelling,0.007,126,1
226,233,234,2,,travelling,0.007,126,1
227,234,235,2,,travelling,0.007,126,1
228,235,236,2,,travelling,0.007,126,1
229,236,237,2,,travelling,0.007,126,1
230,237,238,2,,travelling,0.007,126,1
231,238,239,2,,travelling,0.007,126,1
232,240,241,2,,travelling,0.007,126,1
233,241,242,2,,travelling,0.007,126,1
234,242,243,2,,travelling,0.007,126,1
235,243,244,2,,travelling,0.007,126,1
236,244,245,2,,travelling,0.007,126,1
237,245,246,2,,travelling,0.007,126,1
238,246,247,2,,travelling,0.007,126,1
239,247,248,2,,travelling,0.007,126,1
240,248,249,2,,travelling,0.007,126,1
241,249,250,2,,travelling,0.007,126,1
242,250,251,2,,travelling,0.007,126,1
243,251,252,2,,travelling,0.007,126,1
244,252,253,2,,travelling,0.007,126,1
245,253,254,2,,travelling,0.007,126,1
246,254,255,2,,travelling,0.007,126,1
247,255,256,2,,travelling,0.007,126,1
248,256,257,2,,travelling,0.007,126,1
249,257,258,2,,travelling,0.007,126,1
250,258,259,2,,travelling,0.007,126,1
251,259,260,2,,travelling,0.007,126,1
252,260,261,2,,travelling,0.007,126,1
253,261,262,2,,travelling,0.007,126,1
254,262,263,2,,travelling,0.007,126,1
255,263,264,2,,travelling,0.007,126,1
256,264,265,2,,travelling,0.007,126,1
257,265,266,2,,travelling,0.007,126,1
258,266,267,2,,travelling,0.007,126,1
259,267,268,2,,travelling,0.007,126,1
260,268,269,2,,travelling,0.007,126,1
261,270,271,2,,travelling,0.007,126,1
262,271,272,2,,travelling,0.007,126,1
263,272,273,2,,travelling,0.007,126,1
264,273,274,2,,travelling,0.007,126,1
265,274,275,2,,travelling,0.007,126,1
266,275,276,2,,travelling,0.007,126,1
267,276,277,2,,travelling,0.007,126,1
268,277,278,2,,travelling,0.007,126,1
269,278,279,2,,travelling,0.007,126,1
270,279,280,2,,travelling,0.007,126,1
271,280,281,2,,travelling,0.007,126,1
272,281,282,2,,travelling,0.007,126,1
273,282,283,2,,travelling,0.007,126,1
274,283,284,2,,travelling,0.007,126,1
275,284,285,2,,travelling,0.007,126,1
276,285,286,2,,travelling,0.007,126,1
277,286,287,2,,travelling,0.007,126,1
278,287,288,2,,travelling,0.007,126,1
279,288,289,2,,travelling,0.007,126,1
280,289,290,2,,travelling,0.007,126,1
281,290,291,2,,travelling,0.007,126,1
282,291,292,2,,travelling,0.007,126,1
283,292,293,2,,travelling,0.007,126,1
284,293,294,2,,travelling,0.007,126,1
285,294,295,2,,travelling,0.007,126,1
286,295,296,2,,travelling,0.007,126,1
287,296,297,2,,travelling,0.007,126,1
288,297,298,2,,travelling,0.007,126,1
289,298,299,2,,travelling,0.007,126,1
290,300,301,3,,travelling,0.007,126,1
291,301,302,3,,travelling,0.007,126,1
292,302,303,3,,travelling,0.007,126,1
293,303,304,3,,travelling,0.007,126,1
294,304,305,3,,travelling,0.007,126,1
295,305,306,3,,travelling,0.007,126,1
296,306,307,3,,travelling,0.007,126,1
297,307,308,3,,travelling,0.007,126,1
298,308,309,3,,travelling,0.007,126,1
299,309,310,3,,travelling,0.007,126,1
300,310,311,3,,travelling,0.007,126,1
301,311,312,3,,travelling,0.007,126,1
302,312,313,3,,travelling,0.007,126,1
303,313,314,3,,travelling,0.007,126,1
304,314,315,3,,travelling,0.007,126,1
305,315,316,3,,travelling,0.007,126,1
306,316,317,3,,travelling,0.007,126,1
307,317,318,3,,travelling,0.007,126,1
308,318,319,3,,travelling,0.007,126,1
309,319,320,3,,travelling,0.007,126,1
310,320,321,3,,travelling,0.007,126,1
311,321,322,3,,travelling,0.007,126,1
312,322,323,3,,travelling,0.007,126,1
313,323,324,3,,travelling,0.007,126,1
314,324,325,3,,travelling,0.007,126,1
315,325,326,3,,travelling,0.007,126,1
316,326,327,3,,travelling,0.007,126,1
317,327,328,3,,travelling,0.007,126,1
318,328,329,3,,travelling,0.007,126,1
319,330,331,3,,travelling,0.007,126,1
320,331,332,3,,travelling,0.007,126,1
321,332,333,3,,travelling,0.007,126,1
322,333,334,3,,travelling,0.007,126,1
323,334,335,3,,travelling,0.007,126,1
324,335,336,3,,travelling,0.007,126,1
325,336,337,3,,travelling,0.007,126,1
326,337,338,3,,travelling,0.007,126,1
327,338,339,3,,travelling,0.007,126,1
328,339,340,3,,travelling,0.007,126,1
329,340,341,3,,travelling,0.007,126,1
330,341,342,3,,travelling,0.007,126,1
331,342,343,3,,travelling,0.007,126,1
332,343,344,3,,travelling,0.007,126,1
333,344,345,3,,travelling,0.007,126,1
334,345,346,3,,travelling,0.007,126,1
335,346,347,3,,travelling,0.007,126,1
336,347,348,3,,travelling,0.007,126,1
337,348,349,3,,travelling,0.007,126,1
338,349,350,3,,travelling,0.007,126,1
339,350,351,3,,travelling,0.007,126,1
340,351,352,3,,travelling,0.007,126,1
341,352,353,3,,travelling,0.007,126,1
342,353,354,3,,travelling,0.007,126,1
343,354,355,3,,travelling,0.007,126,1
344,355,356,3,,travelling,0.007,126,1
345,356,357,3,,travelling,0.007,126,1
346,357,358,3,,travelling,0.007,126,1
347,358,359,3,,travelling,0.007,126,1
348,360,361,3,,travelling,0.007,126,1
349,361,362,3,,travelling,0.007,126,1
350,362,363,3,,travelling,0.007,126,1
351,363,364,3,,travelling,0.007,126,1
352,364,365,3,,travelling,0.007,126,1
353,365,366,3,,travelling,0.007,126,1
354,366,367,3,,travelling,0.007,126,1
355,367,368,3,,travelling,0.007,126,1
356,368,369,3,,travelling,0.007,126,1
357,369,370,3,,travelling,0.007,126,1
358,370,371,3,,travelling,0.007,126,1
359,371,372,3,,travelling,0.007,126,1
360,372,373,3,,travelling,0.007,126,1
361,373,374,3,,travelling,0.007,126,1
362,374,375,3,,travelling,0.007,126,1
363,375,376,3,,travelling,0.007,126,1
364,376,377,3,,travelling,0.007,126,1
365,377,378,3,,travelling,0.007,126,1
366,378,379,3,,travelling,0.007,126,1
367,379,380,3,,travelling,0.007,126,1
368,380,381,3,,travelling,0.007,126,1
369,381,382,3,,travelling,0.007,126,1
370,382,383,3,,travelling,0.007,126,1
371,383,384,3,,travelling,0.007,126,1
372,384,385,3,,travelling,0.007,126,1
373,385,386,3,,travelling,0.007,126,1
374,386,387,3,,travelling,0.007,126,1
375,387,388,3,,travelling,0.007,126,1
376,388,389,3,,travelling,0.007,126,1
377,390,391,3,,travelling,0.007,126,1
378,391,392,3,,travelling,0.007,126,1
379,392,393,3,,travelling,0.007,126,1
380,393,394,3,,travelling,0.007,126,1
381,394,395,3,,travelling,0.007,126,1
382,395,396,3,,travelling,0.007,126,1
383,396,397,3,,travelling,0.007,126,1
384,397,398,3,,travelling,0.007,126,1
385,398,399,3,,travelling,0.007,126,1
386,399,400,3,,travelling,0.007,126,1
387,400,401,3,,travelling,0.007,126,1
388,401,402,3,,travelling,0.007,126,1
389,402,403,3,,travelling,0.007,126,1
390,403,404,3,,travelling,0.007,126,1
391,404,405,3,,travelling,0.007,126,1
392,405,406,3,,travelling,0.007,126,1
393,406,407,3,,travelling,0.007,126,1
394,407,408,3,,travelling,0.007,126,1
395,408,409,3,,travelling,0.007,126,1
396,409,410,3,,travelling,0.007,126,1
397,410,411,3,,travelling,0.007,126,1
398,411,412,3,,travelling,0.007,126,1
399,412,413,3,,travelling,0.007,126,1
400,413,414,3,,travelling,0.007,126,1
401,414,415,3,,travelling,0.007,126,1
402,415,416,3,,travelling,0.007,126,1
403,416,417,3,,travelling,0.007,126,1
404,417,418,3,,travelling,0.007,126,1
405,418,419,3,,travelling,0.007,126,1
406,420,421,3,,travelling,0.007,126,1
407,421,422,3,,travelling,0.007,126,1
408,422,423,3,,travelling,0.007,126,1
409,423,424,3,,travelling,0.007,126,1
410,424,425,3,,travelling,0.007,126,1
411,425,426,3,,travelling,0.007,126,1
412,426,427,3,,travelling,0.007,126,1
413,427,428,3,,travelling,0.007,126,1
414,428,429,3,,travelling,0.007,126,1
415,429,430,3,,travelling,0.007,126,1
416,430,431,3,,travelling,0.007,126,1
417,431,432,3,,travelling,0.007,126,1
418,432,433,3,,travelling,0.007,126,1
419,433,434,3,,travelling,0.007,126,1
420,434,435,3,,travelling,0.007,126,1
421,435,436,3,,travelling,0.007,126,1
422,436,437,3,,travelling,0.007,126,1
423,437,438,3,,travelling,0.007,126,1
424,438,439,3,,travelling,0.007,126,1
425,439,440,3,,travelling,0.007,126,1
426,440,441,3,,travelling,0.007,126,1
427,441,442,3,,travelling,0.007,126,1
428,442,443,3,,travelling,0.007,126,1
429,443,444,3,,travelling,0.007,126,1
430,444,445,3,,travelling,0.007,126,1
431,445,446,3,,travelling,0.007,126,1
432,446,447,3,,travelling,0.007,126,1
433,447,448,3,,travelling,0.007,126,1
434,448,449,3,,travelling,0.007,126,1
435,450,451,4,,travelling,0.007,126,1
436,451,452,4,,travelling,0.007,126,1
437,452,453,4,,travelling,0.007,126,1
438,453,454,4,,travelling,0.007,126,1
439,454,455,4,,travelling,0.007,126,1
440,455,456,4,,travelling,0.007,126,1
441,456,457,4,,travelling,0.007,126,1
442,457,458,4,,travelling,0.007,126,1
443,458,459,4,,travelling,0.007,126,1
444,459,460,4,,travelling,0.007,126,1
445,460,461,4,,travelling,0.007,126,1
446,461,462,4,,travelling,0.007,126,1
447,462,463,4,,travelling,0.007,126,1
448,463,464,4,,travelling,0.007,126,1
449,464,465,4,,travelling,0.007,126,1
450,465,466,4,,travelling,0.007,126,1
451,466,467,4,,travelling,0.007,126,1
452,467,468,4,,travelling,0.007,126,1
453,468,469,4,,travelling,0.007,126,1
454,469,470,4,,travelling,0.007,126,1
455,470,471,4,,travelling,0.007,126,1
456,471,472,4,,travelling,0.007,126,1
457,472,473,4,,travelling,0.007,126,1
458,473,474,4,,travelling,0.007,126,1
459,474,475,4,,travelling,0.007,126,1
460,475,476,4,,travelling,0.007,126,1
461,476,477,4,,travelling,0.007,126,1
462,477,478,4,,travelling,0.007,126,1
463,478,479,4,,travelling,0.007,126,1
464,480,481,4,,travelling,0.007,126,1
465,481,482,4,,travelling,0.007,126,1
466,482,483,4,,travelling,0.007,126,1
467,483,484,4,,travelling,0.007,126,1
468,484,485,4,,travelling,0.007,126,1
469,485,486,4,,travelling,0.007,126,1
470,486,487,4,,travelling,0.007,126,1
471,487,488,4,,travelling,0.007,126,1
472,488,489,4,,travelling,0.007,126,1
473,489,490,4,,travelling,0.007,126,1
474,490,491,4,,travelling,0.007,126,1
475,491,492,4,,travelling,0.007,126,1
476,492,493,4,,travelling,0.007,126,1
477,493,494,4,,travelling,0.007,126,1
478,494,495,4,,travelling,0.007,126,1
479,495,496,4,,travelling,0.007,126,1
480,496,497,4,,travelling,0.007,126,1
481,497,498,4,,travelling,0.007,126,1
482,498,499,4,,travelling,0.007,126,1
483,499,500,4,,travelling,0.007,126,1
484,500,501,4,,travelling,0.007,126,1
485,501,502,4,,travelling,0.007,126,1
486,502,503,4,,travelling,0.007,126,1
487,503,504,4,,travelling,0.007,126,1
488,504,505,4,,travelling,0.007,126,1
489,505,506,4,,travelling,0.007,126,1
490,506,507,4,,travelling,0.007,126,1
491,507,508,4,,travelling,0.007,126,1
492,508,509,4,,travelling,0.007,126,1
493,510,511,4,,travelling,0.007,126,1
494,511,512,4,,travelling,0.007,126,1
495,512,513,4,,travelling,0.007,126,1
496,513,514,4,,travelling,0.007,126,1
497,514,515,4,,travelling,0.007,126,1
498,515,516,4,,travelling,0.007,126,1
499,516,517,4,,travelling,0.007,126,1
500,517,518,4,,travelling,0.007,126,1
501,518,519,4,,travelling,0.007,126,1
502,519,520,4,,travelling,0.007,126,1
503,520,521,4,,travelling,0.007,126,1
504,521,522,4,,travelling,0.007,126,1
505,522,523,4,,travelling,0.007,126,1
506,523,524,4,,travelling,0.007,126,1
507,524,525,4,,travelling,0.007,126,1
508,525,526,4,,travelling,0.007,126,1
509,526,527,4,,travelling,0.007,126,1
510,527,528,4,,travelling,0.007,126,1
511,528,529,4,,travelling,0.007,126,1
512,529,530,4,,travelling,0.007,126,1
513,530,531,4,,travelling,0.007,126,1
514,531,532,4,,travelling,0.007,126,1
515,532,533,4,,travelling,0.007,126,1
516,533,534,4,,travelling,0.007,126,1
517,534,535,4,,travelling,0.007,126,1
518,535,536,4,,travelling,0.007,126,1
519,536,537,4,,travelling,0.007,126,1
520,537,538,4,,travelling,0.007,126,1
521,538,539,4,,travelling,0.007,126,1
522,540,541,4,,travelling,0.007,126,1
523,541,542,4,,travelling,0.007,126,1
524,542,543,4,,travelling,0.007,126,1
525,543,544,4,,travelling,0.007,126,1
526,544,545,4,,travelling,0.007,126,1
527,545,546,4,,travelling,0.007,126,1
528,546,547,4,,travelling,0.007,126,1
529,547,548,4,,travelling,0.007,126,1
530,548,549,4,,travelling,0.007,126,1
531,549,550,4,,travelling,0.007,126,1
532,550,551,4,,travelling,0.007,126,1
533,551,552,4,,travelling,0.007,126,1
534,552,553,4,,travelling,0.007,126,1
535,553,554,4,,travelling,0.007,126,1
536,554,555,4,,travelling,0.007,126,1
537,555,556,4,,travelling,0.007,126,1
538,556,557,4,,travelling,0.007,126,1
539,557,558,4,,travelling,0.007,126,1
540,558,559,4,,travelling,0.007,126,1
541,559,560,4,,travelling,0.007,126,1
542,560,561,4,,travelling,0.007,126,1
543,561,562,4,,travelling,0.007,126,1
544,562,563,4,,travelling,0.007,126,1
545,563,564,4,,travelling,0.007,126,1
546,564,565,4,,travelling,0.007,126,1
547,565,566,4,,travelling,0.007,126,1
548,566,567,4,,travelling,0.007,126,1
549,567,568,4,,travelling,0.007,126,1
550,568,569,4,,travelling,0.007,126,1
551,570,571,4,,travelling,0.007,126,1
552,571,572,4,,travelling,0.007,126,1
553,572,573,4,,travelling,0.007,126,1
554,573,574,4,,travelling,0.007,126,1
555,574,575,4,,travelling,0.007,126,1
556,575,576,4,,travelling,0.007,126,1
557,576,577,4,,travelling,0.007,126,1
558,577,578,4,,travelling,0.007,126,1
559,578,579,4,,travelling,0.007,126,1
560,579,580,4,,travelling,0.007,126,1
561,580,581,4,,travelling,0.007,126,1
562,581,582,4,,travelling,0.007,126,1
563,582,583,4,,travelling,0.007,126,1
564,583,584,4,,travelling,0.007,126,1
565,584,585,4,,travelling,0.007,126,1
566,585,586,4,,travelling,0.007,126,1
567,586,587,4,,travelling,0.007,126,1
568,587,588,4,,travelling,0.007,126,1
569,588,589,4,,travelling,0.007,126,1
570,589,590,4,,travelling,0.007,126,1
571,590,591,4,,travelling,0.007,126,1
572,591,592,4,,travelling,0.007,126,1
573,592,593,4,,travelling,0.007,126,1
574,593,594,4,,travelling,0.007,126,1
575,594,595,4,,travelling,0.007,126,1
576,595,596,4,,travelling,0.007,126,1
577,596,597,4,,travelling,0.007,126,1
578,597,598,4,,travelling,0.007,126,1
579,598,599,4,,travelling,0.007,126,1
580,600,601,5,,travelling,0.007,126,1
581,601,602,5,,travelling,0.007,126,1
582,602,603,5,,travelling,0.007,126,1
583,603,604,5,,travelling,0.007,126,1
584,604,605,5,,travelling,0.007,126,1
585,605,606,5,,travelling,0.007,126,1
586,606,607,5,,travelling,0.007,126,1
587,607,608,5,,travelling,0.007,126,1
588,608,609,5,,travelling,0.007,126,1
589,609,610,5,,travelling,0.007,126,1
590,610,611,5,,travelling,0.007,126,1
591,611,612,5,,travelling,0.007,126,1
592,612,613,5,,travelling,0.007,126,1
593,613,614,5,,travelling,0.007,126,1
594,614,615,5,,travelling,0.007,126,1
595,615,616,5,,travelling,0.007,126,1
596,616,617,5,,travelling,0.007,126,1
597,617,618,5,,travelling,0.007,126,1
598,618,150,5,,travelling,0.007,126,1
599,620,621,5,,travelling,0.007,126,1
600,621,622,5,,travelling,0.007,126,1
601,622,623,5,,travelling,0.007,126,1
602,623,624,5,,travelling,0.007,126,1
603,624,625,5,,travelling,0.007,126,1
604,625,626,5,,travelling,0.007,126,1
605,626,627,5,,travelling,0.007,126,1
606,627,628,5,,travelling,0.007,126,1
607,628,629,5,,travelling,0.007,126,1
608,629,630,5,,travelling,0.007,126,1
609,630,631,5,,travelling,0.007,126,1
610,631,632,5,,travelling,0.007,126,1
611,632,633,5,,travelling,0.007,126,1
612,633,634,5,,travelling,0.007,126,1
613,634,635,5,,travelling,0.007,126,1
614,635,636,5,,travelling,0.007,126,1
615,636,637,5,,travelling,0.007,126,1
616,637,638,5,,travelling,0.007,126,1
617,638,639,5,,travelling,0.007,126,1
618,640,641,5,,travelling,0.007,126,1
619,641,642,5,,travelling,0.007,126,1
620,642,643,5,,travelling,0.007,126,1
621,643,644,5,,travelling,0.007,126,1
622,644,645,5,,travelling,0.007,126,1
623,645,646,5,,travelling,0.007,126,1
624,646,647,5,,travelling,0.007,126,1
625,647,648,5,,travelling,0.007,126,1
626,648,649,5,,travelling,0.007,126,1
627,649,650,5,,travelling,0.007,126,1
628,650,651,5,,travelling,0.007,126,1
629,651,652,5,,travelling,0.007,126,1
630,652,653,5,,travelling,0.007,126,1
631,653,654,5,,travelling,0.007,126,1
632,654,655,5,,travelling,0.007,126,1
633,655,656,5,,travelling,0.007,126,1
634,656,657,5,,travelling,0.007,126,1
635,657,658,5,,travelling,0.007,126,1
636,658,659,5,,travelling,0.007,126,1
637,660,661,5,,travelling,0.007,126,1
638,661,662,5,,travelling,0.007,126,1
639,662,663,5,,travelling,0.007,126,1
640,663,664,5,,travelling,0.007,126,1
641,664,665,5,,travelling,0.007,126,1
642,665,666,5,,travelling,0.007,126,1
643,666,667,5,,travelling,0.007,126,1
644,667,668,5,,travelling,0.007,126,1
645,668,669,5,,travelling,0.007,126,1
646,669,670,5,,travelling,0.007,126,1
647,670,671,5,,travelling,0.007,126,1
648,671,672,5,,travelling,0.007,126,1
649,672,673,5,,travelling,0.007,126,1
650,673,674,5,,travelling,0.007,126,1
651,674,675,5,,travelling,0.007,126,1
652,675,676,5,,travelling,0.007,126,1
653,676,677,5,,travelling,0.007,126,1
654,677,678,5,,travelling,0.007,126,1
655,678,679,5,,travelling,0.007,126,1
656,680,681,5,,travelling,0.007,126,1
657,681,682,5,,travelling,0.007,126,1
658,682,683,5,,travelling,0.007,126,1
659,683,684,5,,travelling,0.007,126,1
660,684,685,5,,travelling,0.007,126,1
661,685,686,5,,travelling,0.007,126,1
662,686,687,5,,travelling,0.007,126,1
663,687,688,5,,travelling,0.007,126,1
664,688,689,5,,travelling,0.007,126,1
665,689,690,5,,travelling,0.007,126,1
666,690,691,5,,travelling,0.007,126,1
667,691,692,5,,travelling,0.007,126,1
668,692,693,5,,travelling,0.007,126,1
669,693,694,5,,travelling,0.007,126,1
670,694,695,5,,travelling,0.007,126,1
671,695,696,5,,travelling,0.007,126,1
672,696,697,5,,travelling,0.007,126,1
673,697,698,5,,travelling,0.007,126,1
674,698,699,5,,travelling,0.007,126,1
675,449,701,6,,travelling,0.007,126,1
676,701,702,6,,travelling,0.007,126,1
677,702,703,6,,travelling,0.007,126,1
678,703,704,6,,travelling,0.007,126,1
679,704,705,6,,travelling,0.007,126,1
680,705,706,6,,travelling,0.007,126,1
681,706,707,6,,travelling,0.007,126,1
682,707,708,6,,travelling,0.007,126,1
683,708,709,6,,travelling,0.007,126,1
684,709,710,6,,travelling,0.007,126,1
685,710,711,6,,travelling,0.007,126,1
686,711,712,6,,travelling,0.007,126,1
687,712,713,6,,travelling,0.007,126,1
688,713,714,6,,travelling,0.007,126,1
689,714,715,6,,travelling,0.007,126,1
690,715,716,6,,travelling,0.007,126,1
691,716,717,6,,travelling,0.007,126,1
692,717,718,6,,travelling,0.007,126,1
693,718,719,6,,travelling,0.007,126,1
694,720,721,6,,travelling,0.007,126,1
695,721,722,6,,travelling,0.007,126,1
696,722,723,6,,travelling,0.007,126,1
697,723,724,6,,travelling,0.007,126,1
698,724,725,6,,travelling,0.007,126,1
699,725,726,6,,travelling,0.007,126,1
700,726,727,6,,travelling,0.007,126,1
701,727,728,6,,travelling,0.007,126,1
702,728,729,6,,travelling,0.007,126,1
703,729,730,6,,travelling,0.007,126,1
704,730,731,6,,travelling,0.007,126,1
705,731,732,6,,travelling,0.007,126,1
706,732,733,6,,travelling,0.007,126,1
707,733,734,6,,travelling,0.007,126,1
708,734,735,6,,travelling,0.007,126,1
709,735,736,6,,travelling,0.007,126,1
710,736,737,6,,travelling,0.007,126,1
711,737,738,6,,travelling,0.007,126,1
712,738,739,6,,travelling,0.007,126,1
713,740,741,6,,travelling,0.007,126,1
714,741,742,6,,travelling,0.007,126,1
715,742,743,6,,travelling,0.007,126,1
716,743,744,6,,travelling,0.007,126,1
717,744,745,6,,travelling,0.007,126,1
718,745,746,6,,travelling,0.007,126,1
719,746,747,6,,travelling,0.007,126,1
720,747,748,6,,travelling,0.007,126,1
721,748,749,6,,travelling,0.007,126,1
722,749,750,6,,travelling,0.007,126,1
723,750,751,6,,travelling,0.007,126,1
724,751,752,6,,travelling,0.007,126,1
725,752,753,6,,travelling,0.007,126,1
726,753,754,6,,travelling,0.007,126,1
727,754,755,6,,travelling,0.007,126,1
728,755,756,6,,travelling,0.007,126,1
729,756,757,6,,travelling,0.007,126,1
730,757,758,6,,travelling,0.007,126,1
731,758,759,6,,travelling,0.007,126,1
732,760,761,6,,travelling,0.007,126,1
733,761,762,6,,travelling,0.007,126,1
734,762,763,6,,travelling,0.007,126,1
735,763,764,6,,travelling,0.007,126,1
736,764,765,6,,travelling,0.007,126,1
737,765,766,6,,travelling,0.007,126,1
738,766,767,6,,travelling,0.007,126,1
739,767,768,6,,travelling,0.007,126,1
740,768,769,6,,travelling,0.007,126,1
741,769,770,6,,travelling,0.007,126,1
742,770,771,6,,travelling,0.007,126,1
743,771,772,6,,travelling,0.007,126,1
744,772,773,6,,travelling,0.007,126,1
745,773,774,6,,travelling,0.007,126,1
746,774,775,6,,travelling,0.007,126,1
747,775,776,6,,travelling,0.007,126,1
748,776,777,6,,travelling,0.007,126,1
749,777,778,6,,travelling,0.007,126,1
750,778,779,6,,travelling,0.007,126,1
751,780,781,6,,travelling,0.007,126,1
752,781,782,6,,travelling,0.007,126,1
753,782,783,6,,travelling,0.007,126,1
754,783,784,6,,travelling,0.007,126,1
755,784,785,6,,travelling,0.007,126,1
756,785,786,6,,travelling,0.007,126,1
757,786,787,6,,travelling,0.007,126,1
758,787,788,6,,travelling,0.007,126,1
759,788,789,6,,travelling,0.007,126,1
760,789,790,6,,travelling,0.007,126,1
761,790,791,6,,travelling,0.007,126,1
762,791,792,6,,travelling,0.007,126,1
763,792,793,6,,travelling,0.007,126,1
764,793,794,6,,travelling,0.007,126,1
765,794,795,6,,travelling,0.007,126,1
766,795,796,6,,travelling,0.007,126,1
767,796,797,6,,travelling,0.007,126,1
768,797,798,6,,travelling,0.007,126,1
769,798,799,6,,travelling,0.007,126,1
770,800,801,7,,travelling,0.007,126,1
771,801,802,7,,travelling,0.007,126,1
772,802,803,7,,travelling,0.007,126,1
773,803,804,7,,travelling,0.007,126,1
774,804,805,7,,travelling,0.007,126,1
775,805,806,7,,travelling,0.007,126,1
776,806,807,7,,travelling,0.007,126,1
777,807,808,7,,travelling,0.007,126,1
778,808,809,7,,travelling,0.007,126,1
779,809,810,7,,travelling,0.007,126,1
780,810,811,7,,travelling,0.007,126,1
781,811,812,7,,travelling,0.007,126,1
782,812,813,7,,travelling,0.007,126,1
783,813,814,7,,travelling,0.007,126,1
784,814,815,7,,travelling,0.007,126,1
785,815,816,7,,travelling,0.007,126,1
786,816,817,7,,travelling,0.007,126,1
787,817,818,7,,travelling,0.007,126,1
788,818,819,7,,travelling,0.007,126,1
789,820,821,7,,travelling,0.007,126,1
790,821,822,7,,travelling,0.007,126,1
791,822,823,7,,travelling,0.007,126,1
792,823,824,7,,travelling,0.007,126,1
793,824,825,7,,travelling,0.007,126,1
794,825,826,7,,travelling,0.007,126,1
795,826,827,7,,travelling,0.007,126,1
796,827,828,7,,travelling,0.007,126,1
797,828,829,7,,travelling,0.007,126,1
798,829,830,7,,travelling,0.007,126,1
799,830,831,7,,travelling,0.007,126,1
800,831,832,7,,travelling,0.007,126,1
801,832,833,7,,travelling,0.007,126,1
802,833,834,7,,travelling,0.007,126,1
803,834,835,7,,travelling,0.007,126,1
804,835,836,7,,travelling,0.007,126,1
805,836,837,7,,travelling,0.007,126,1
806,837,838,7,,travelling,0.007,126,1
807,838,839,7,,travelling,0.007,126,1
808,840,841,7,,travelling,0.007,126,1
809,841,842,7,,travelling,0.007,126,1
810,842,843,7,,travelling,0.007,126,1
811,843,844,7,,travelling,0.007,126,1
812,844,845,7,,travelling,0.007,126,1
813,845,846,7,,travelling,0.007,126,1
814,846,847,7,,travelling,0.007,126,1
815,847,848,7,,travelling,0.007,126,1
816,848,849,7,,travelling,0.007,126,1
817,849,850,7,,travelling,0.007,126,1
818,850,851,7,,travelling,0.007,126,1
819,851,852,7,,travelling,0.007,126,1
820,852,853,7,,travelling,0.007,126,1
821,853,854,7,,travelling,0.007,126,1
822,854,855,7,,travelling,0.007,126,1
823,855,856,7,,travelling,0.007,126,1
824,856,857,7,,travelling,0.007,126,1
825,857,858,7,,travelling,0.007,126,1
826,858,859,7,,travelling,0.007,126,1
827,860,861,7,,travelling,0.007,126,1
828,861,862,7,,travelling,0.007,126,1
829,862,863,7,,travelling,0.007,126,1
830,863,864,7,,travelling,0.007,126,1
831,864,865,7,,travelling,0.007,126,1
832,865,866,7,,travelling,0.007,126,1
833,866,867,7,,travelling,0.007,126,1
834,867,868,7,,travelling,0.007,126,1
835,868,869,7,,travelling,0.007,126,1
836,869,870,7,,travelling,0.007,126,1
837,870,871,7,,travelling,0.007,126,1
838,871,872,7,,travelling,0.007,126,1
839,872,873,7,,travelling,0.007,126,1
840,873,874,7,,travelling,0.007,126,1
841,874,875,7,,travelling,0.007,126,1
842,875,876,7,,travelling,0.007,126,1
843,876,877,7,,travelling,0.007,126,1
844,877,878,7,,travelling,0.007,126,1
845,878,879,7,,travelling,0.007,126,1
846,880,881,7,,travelling,0.007,126,1
847,881,882,7,,travelling,0.007,126,1
848,882,883,7,,travelling,0.007,126,1
849,883,884,7,,travelling,0.007,126,1
850,884,885,7,,travelling,0.007,126,1
851,885,886,7,,travelling,0.007,126,1
852,886,887,7,,travelling,0.007,126,1
853,887,888,7,,travelling,0.007,126,1
854,888,889,7,,travelling,0.007,126,1
855,889,890,7,,travelling,0.007,126,1
856,890,891,7,,travelling,0.007,126,1
857,891,892,7,,travelling,0.007,126,1
858,892,893,7,,travelling,0.007,126,1
859,893,894,7,,travelling,0.007,126,1
860,894,895,7,,travelling,0.007,126,1
861,895,896,7,,travelling,0.007,126,1
862,896,897,7,,travelling,0.007,126,1
863,897,898,7,,travelling,0.007,126,1
864,898,570,7,,travelling,0.007,126,1
865,900,901,8,,travelling,0.007,126,1
866,901,902,8,,travelling,0.007,126,1
867,902,903,8,,travelling,0.007,126,1
868,903,904,8,,travelling,0.007,126,1
869,904,905,8,,travelling,0.007,126,1
870,905,906,8,,travelling,0.007,126,1
871,906,907,8,,travelling,0.007,126,1
872,907,908,8,,travelling,0.007,126,1
873,908,909,8,,travelling,0.007,126,1
874,909,910,8,,travelling,0.007,126,1
875,910,911,8,,travelling,0.007,126,1
876,911,912,8,,travelling,0.007,126,1
877,912,913,8,,travelling,0.007,126,1
878,913,914,8,,travelling,0.007,126,1
879,914,915,8,,travelling,0.007,126,1
880,915,916,8,,travelling,0.007,126,1
881,916,917,8,,travelling,0.007,126,1
882,917,918,8,,travelling,0.007,126,1
883,918,919,8,,travelling,0.007,126,1
884,920,921,8,,travelling,0.007,126,1
885,921,922,8,,travelling,0.007,126,1
886,922,923,8,,travelling,0.007,126,1
887,923,924,8,,travelling,0.007,126,1
888,924,925,8,,travelling,0.007,126,1
889,925,926,8,,travelling,0.007,126,1
890,926,927,8,,travelling,0.007,126,1
891,927,928,8,,travelling,0.007,126,1
892,928,929,8,,travelling,0.007,126,1
893,929,930,8,,travelling,0.007,126,1
894,930,931,8,,travelling,0.007,126,1
895,931,932,8,,travelling,0.007,126,1
896,932,933,8,,travelling,0.007,126,1
897,933,934,8,,travelling,0.007,126,1
898,934,935,8,,travelling,0.007,126,1
899,935,936,8,,travelling,0.007,126,1
900,936,937,8,,travelling,0.007,126,1
901,937,938,8,,travelling,0.007,126,1
902,938,939,8,,travelling,0.007,126,1
903,940,941,8,,travelling,0.007,126,1
904,941,942,8,,travelling,0.007,126,1
905,942,943,8,,travelling,0.007,126,1
906,943,944,8,,travelling,0.007,126,1
907,944,945,8,,travelling,0.007,126,1
908,945,946,8,,travelling,0.007,126,1
909,946,947,8,,travelling,0.007,126,1
910,947,948,8,,travelling,0.007,126,1
911,948,949,8,,travelling,0.007,126,1
912,949,950,8,,travelling,0.007,126,1
913,950,951,8,,travelling,0.007,126,1
914,951,952,8,,travelling,0.007,126,1
915,952,953,8,,travelling,0.007,126,1
916,953,954,8,,travelling,0.007,126,1
917,954,955,8,,travelling,0.007,126,1
918,955,956,8,,travelling,0.007,126,1
919,956,957,8,,travelling,0.007,126,1
920,957,958,8,,travelling,0.007,126,1
921,958,959,8,,travelling,0.007,126,1
922,960,961,8,,travelling,0.007,126,1
923,961,962,8,,travelling,0.007,126,1
924,962,963,8,,travelling,0.007,126,1
925,963,964,8,,travelling,0.007,126,1
926,964,965,8,,travelling,0.007,126,1
927,965,966,8,,travelling,0.007,126,1
928,966,967,8,,travelling,0.007,126,1
929,967,968,8,,travelling,0.007,126,1
930,968,969,8,,travelling,0.007,126,1
931,969,970,8,,travelling,0.007,126,1
932,970,971,8,,travelling,0.007,126,1
933,971,972,8,,travelling,0.007,126,1
934,972,973,8,,travelling,0.007,126,1
935,973,974,8,,travelling,0.007,126,1
936,974,975,8,,travelling,0.007,126,1
937,975,976,8,,travelling,0.007,126,1
938,976,977,8,,travelling,0.007,126,1
939,977,978,8,,travelling,0.007,126,1
940,978,979,8,,travelling,0.007,126,1
941,29,981,8,,travelling,0.007,126,1
942,981,982,8,,travelling,0.007,126,1
943,982,983,8,,travelling,0.007,126,1
944,983,984,8,,travelling,0.007,126,1
945,984,985,8,,travelling,0.007,126,1
946,985,986,8,,travelling,0.007,126,1
947,986,987,8,,travelling,0.007,126,1
948,987,988,8,,travelling,0.007,126,1
949,988,989,8,,travelling,0.007,126,1
950,989,990,8,,travelling,0.007,126,1
951,990,991,8,,travelling,0.007,126,1
952,991,992,8,,travelling,0.007,126,1
953,992,993,8,,travelling,0.007,126,1
954,993,994,8,,travelling,0.007,126,1
955,994,995,8,,travelling,0.007,126,1
956,995,996,8,,travelling,0.007,126,1
957,996,997,8,,travelling,0.007,126,1
958,997,998,8,,travelling,0.007,126,1
959,998,999,8,,travelling,0.007,126,1
960,0,31,1,,changing,0.007,126,2
961,1,32,1,,changing,0.007,126,2
962,2,33,1,,changing,0.007,126,2
963,3,34,1,,changing,0.007,126,2
964,4,35,1,,changing,0.007,126,2
965,5,36,1,,changing,0.007,126,2
966,6,37,1,,changing,0.007,126,2
967,7,38,1,,changing,0.007,126,2
968,8,39,1,,changing,0.007,126,2
969,9,40,1,,changing,0.007,126,2
970,10,41,1,,changing,0.007,126,2
971,11,42,1,,changing,0.007,126,2
972,12,43,1,,changing,0.007,126,2
973,13,44,1,,changing,0.007,126,2
974,14,45,1,,changing,0.007,126,2
975,15,46,1,,changing,0.007,126,2
976,16,47,1,,changing,0.007,126,2
977,17,48,1,,changing,0.007,126,2
978,18,49,1,,changing,0.007,126,2
979,19,50,1,,changing,0.007,126,2
980,20,51,1,,changing,0.007,126,2
981,21,52,1,,changing,0.007,126,2
982,22,53,1,,changing,0.007,126,2
983,23,54,1,,changing,0.007,126,2
984,24,55,1,,changing,0.007,126,2
985,25,56,1,,changing,0.007,126,2
986,26,57,1,,changing,0.007,126,2
987,30,61,1,,changing,0.007,126,2
988,31,62,1,,changing,0.007,126,2
989,32,63,1,,changing,0.007,126,2
990,33,64,1,,changing,0.007,126,2
991,34,65,1,,changing,0.007,126,2
992,35,66,1,,changing,0.007,126,2
993,36,67,1,,changing,0.007,126,2
994,37,68,1,,changing,0.007,126,2
995,38,69,1,,changing,0.007,126,2
996,39,70,1,,changing,0.007,126,2
997,40,71,1,,changing,0.007,126,2
998,41,72,1,,changing,0.007,126,2
999,42,73,1,,changing,0.007,126,2
1000,43,74,1,,changing,0.007,126,2
1001,44,75,1,,changing,0.007,126,2
1002,45,76,1,,changing,0.007,126,2
1003,46,77,1,,changing,0.007,126,2
1004,47,78,1,,changing,0.007,126,2
1005,48,79,1,,changing,0.007,126,2
1006,49,80,1,,changing,0.007,126,2
1007,50,81,1,,changing,0.007,126,2
1008,51,82,1,,changing,0.007,126,2
1009,52,83,1,,changing,0.007,126,2
1010,53,84,1,,changing,0.007,126,2
1011,54,85,1,,changing,0.007,126,2
1012,55,86,1,,changing,0.007,126,2
1013,56,87,1,,changing,0.007,126,2
1014,60,91,1,,changing,0.007,126,2
1015,61,92,1,,changing,0.007,126,2
1016,62,93,1,,changing,0.007,126,2
1017,63,94,1,,changing,0.007,126,2
1018,64,95,1,,changing,0.007,126,2
1019,65,96,1,,changing,0.007,126,2
1020,66,97,1,,changing,0.007,126,2
1021,67,98,1,,changing,0.007,126,2
1022,68,99,1,,changing,0.007,126,2
1023,69,100,1,,changing,0.007,126,2
1024,70,101,1,,changing,0.007,126,2
1025,71,102,1,,changing,0.007,126,2
1026,72,103,1,,changing,0.007,126,2
1027,73,104,1,,changing,0.007,126,2
1028,74,105,1,,changing,0.007,126,2
1029,75,106,1,,changing,0.007,126,2
1030,76,107,1,,changing,0.007,126,2
1031,77,108,1,,changing,0.007,126,2
1032,78,109,1,,changing,0.007,126,2
1033,79,110,1,,changing,0.007,126,2
1034,80,111,1,,changing,0.007,126,2
1035,81,112,1,,changing,0.007,126,2
1036,82,113,1,,changing,0.007,126,2
1037,83,114,1,,changing,0.007,126,2
1038,84,115,1,,changing,0.007,126,2
1039,85,116,1,,changing,0.007,126,2
1040,86,117,1,,changing,0.007,126,2
1041,90,121,1,,changing,0.007,126,2
1042,91,122,1,,changing,0.007,126,2
1043,92,123,1,,changing,0.007,126,2
1044,93,124,1,,changing,0.007,126,2
1045,94,125,1,,changing,0.007,126,2
1046,95,126,1,,changing,0.007,126,2
1047,96,127,1,,changing,0.007,126,2
1048,97,128,1,,changing,0.007,126,2
1049,98,129,1,,changing,0.007,126,2
1050,99,130,1,,changing,0.007,126,2
1051,100,131,1,,changing,0.007,126,2
1052,101,132,1,,changing,0.007,126,2
1053,102,133,1,,changing,0.007,126,2
1054,103,134,1,,changing,0.007,126,2
1055,104,135,1,,changing,0.007,126,2
1056,105,136,1,,changing,0.007,126,2
1057,106,137,1,,changing,0.007,126,2
1058,107,138,1,,changing,0.007,126,2
1059,108,139,1,,changing,0.007,126,2
1060,109,140,1,,changing,0.007,126,2
1061,110,141,1,,changing,0.007,126,2
1062,111,142,1,,changing,0.007,126,2
1063,112,143,1,,changing,0.007,126,2
1064,113,144,1,,changing,0.007,126,2
1065,114,145,1,,changing,0.007,126,2
1066,115,146,1,,changing,0.007,126,2
1067,116,147,1,,changing,0.007,126,2
1068,30,1,1,,changing,0.007,126,2
1069,31,2,1,,changing,0.007,126,2
1070,32,3,1,,changing,0.007,126,2
1071,33,4,1,,changing,0.007,126,2
1072,34,5,1,,changing,0.007,126,2
1073,35,6,1,,changing,0.007,126,2
1074,36,7,1,,changing,0.007,126,2
1075,37,8,1,,changing,0.007,126,2
1076,38,9,1,,changing,0.007,126,2
1077,39,10,1,,changing,0.007,126,2
1078,40,11,1,,changing,0.007,126,2
1079,41,12,1,,changing,0.007,126,2
1080,42,13,1,,changing,0.007,126,2
1081,43,14,1,,changing,0.007,126,2
1082,44,15,1,,changing,0.007,126,2
1083,45,16,1,,changing,0.007,126,2
1084,46,17,1,,changing,0.007,126,2
1085,47,18,1,,changing,0.007,126,2
1086,48,19,1,,changing,0.007,126,2
1087,49,20,1,,changing,0.007,126,2
1088,50,21,1,,changing,0.007,126,2
1089,51,22,1,,changing,0.007,126,2
1090,52,23,1,,changing,0.007,126,2
1091,53,24,1,,changing,0.007,126,2
1092,54,25,1,,changing,0.007,126,2
1093,55,26,1,,changing,0.007,126,2
1094,56,27,1,,changing,0.007,126,2
1095,60,31,1,,changing,0.007,126,2
1096,61,32,1,,changing,0.007,126,2
1097,62,33,1,,changing,0.007,126,2
1098,63,34,1,,changing,0.007,126,2
1099,64,35,1,,changing,0.007,126,2
1100,65,36,1,,changing,0.007,126,2
1101,66,37,1,,changing,0.007,126,2
1102,67,38,1,,changing,0.007,126,2
1103,68,39,1,,changing,0.007,126,2
1104,69,40,1,,changing,0.007,126,2
1105,70,41,1,,changing,0.007,126,2
1106,71,42,1,,changing,0.007,126,2
1107,72,43,1,,changing,0.007,126,2
1108,73,44,1,,changing,0.007,126,2
1109,74,45,1,,changing,0.007,126,2
1110,75,46,1,,changing,0.007,126,2
1111,76,47,1,,changing,0.007,126,2
1112,77,48,1,,changing,0.007,126,2
1113,78,49,1,,changing,0.007,126,2
1114,79,50,1,,changing,0.007,126,2
1115,80,51,1,,changing,0.007,126,2
1116,81,52,1,,changing,0.007,126,2
1117,82,53,1,,changing,0.007,126,2
1118,83,54,1,,changing,0.007,126,2
1119,84,55,1,,changing,0.007,126,2
1120,85,56,1,,changing,0.007,126,2
1121,86,57,1,,changing,0.007,126,2
1122,90,61,1,,changing,0.007,126,2
1123,91,62,1,,changing,0.007,126,2
1124,92,63,1,,changing,0.007,126,2
1125,93,64,1,,changing,0.007,126,2
1126,94,65,1,,changing,0.007,126,2
1127,95,66,1,,changing,0.007,126,2
1128,96,67,1,,changing,0.007,126,2
1129,97,68,1,,changing,0.007,126,2
1130,98,69,1,,changing,0.007,126,2
1131,99,70,1,,changing,0.007,126,2
1132,100,71,1,,changing,0.007,126,2
1133,101,72,1,,changing,0.007,126,2
1134,102,73,1,,changing,0.007,126,2
1135,103,74,1,,changing,0.007,126,2
1136,104,75,1,,changing,0.007,126,2
1137,105,76,1,,changing,0.007,126,2
1138,106,77,1,,changing,0.007,126,2
1139,107,78,1,,changing,0.007,126,2
1140,108,79,1,,changing,0.007,126,2
1141,109,80,1,,changing,0.007,126,2
1142,110,81,1,,changing,0.007,126,2
1143,111,82,1,,changing,0.007,126,2
1144,112,83,1,,changing,0.007,126,2
1145,113,84,1,,changing,0.007,126,2
1146,114,85,1,,changing,0.007,126,2
1147,115,86,1,,changing,0.007,126,2
1148,116,87,1,,changing,0.007,126,2
1149,120,91,1,,changing,0.007,126,2
1150,121,92,1,,changing,0.007,126,2
1151,122,93,1,,changing,0.007,126,2
1152,123,94,1,,changing,0.007,126,2
1153,124,95,1,,changing,0.007,126,2
1154,125,96,1,,changing,0.007,126,2
1155,126,97,1,,changing,0.007,126,2
1156,127,98,1,,changing,0.007,126,2
1157,128,99,1,,changing,0.007,126,2
1158,129,100,1,,changing,0.007,126,2
1159,130,101,1,,changing,0.007,126,2
1160,131,102,1,,changing,0.007,126,2
1161,132,103,1,,changing,0.007,126,2
1162,133,104,1,,changing,0.007,126,2
1163,134,105,1,,changing,0.007,126,2
1164,135,106,1,,changing,0.007,126,2
1165,136,107,1,,changing,0.007,126,2
1166,137,108,1,,changing,0.007,126,2
1167,138,109,1,,changing,0.007,126,2
1168,139,110,1,,changing,0.007,126,2
1169,140,111,1,,changing,0.007,126,2
1170,141,112,1,,changing,0.007,126,2
1171,142,113,1,,changing,0.007,126,2
1172,143,114,1,,changing,0.007,126,2
1173,144,115,1,,changing,0.007,126,2
1174,145,116,1,,changing,0.007,126,2
1175,146,117,1,,changing,0.007,126,2
1176,152,183,2,,changing,0.007,126,2
1177,153,184,2,,changing,0.007,126,2
1178,154,185,2,,changing,0.007,126,2
1179,155,186,2,,changing,0.007,126,2
1180,156,187,2,,changing,0.007,126,2
1181,157,188,2,,changing,0.007,126,2
1182,158,189,2,,changing,0.007,126,2
1183,159,190,2,,changing,0.007,126,2
1184,160,191,2,,changing,0.007,126,2
1185,161,192,2,,changing,0.007,126,2
1186,162,193,2,,changing,0.007,126,2
1187,163,194,2,,changing,0.007,126,2
1188,164,195,2,,changing,0.007,126,2
1189,165,196,2,,changing,0.007,126,2
1190,166,197,2,,changing,0.007,126,2
1191,167,198,2,,changing,0.007,126,2
1192,168,199,2,,changing,0.007,126,2
1193,169,200,2,,changing,0.007,126,2
1194,170,201,2,,changing,0.007,126,2
1195,171,202,2,,changing,0.007,126,2
1196,172,203,2,,changing,0.007,126,2
1197,173,204,2,,changing,0.007,126,2
1198,174,205,2,,changing,0.007,126,2
1199,175,206,2,,changing,0.007,126,2
1200,176,207,2,,changing,0.007,126,2
1201,177,208,2,,changing,0.007,126,2
1202,178,209,2,,changing,0.007,126,2
1203,182,213,2,,changing,0.007,126,2
1204,183,214,2,,changing,0.007,126,2
1205,184,215,2,,changing,0.007,126,2
1206,185,216,2,,changing,0.007,126,2
1207,186,217,2,,changing,0.007,126,2
1208,187,218,2,,changing,0.007,126,2
1209,188,219,2,,changing,0.007,126,2
1210,189,220,2,,changing,0.007,126,2
1211,190,221,2,,changing,0.007,126,2
1212,191,222,2,,changing,0.007,126,2
1213,192,223,2,,changing,0.007,126,2
1214,193,224,2,,changing,0.007,126,2
1215,194,225,2,,changing,0.007,126,2
1216,195,226,2,,changing,0.007,126,2
1217,196,227,2,,changing,0.007,126,2
1218,197,228,2,,changing,0.007,126,2
1219,198,229,2,,changing,0.007,126,2
1220,199,230,2,,changing,0.007,126,2
1221,200,231,2,,changing,0.007,126,2
1222,201,232,2,,changing,0.007,126,2
1223,202,233,2,,changing,0.007,126,2
1224,203,234,2,,changing,0.007,126,2
1225,204,235,2,,changing,0.007,126,2
1226,205,236,2,,changing,0.007,126,2
1227,206,237,2,,changing,0.007,126,2
1228,207,238,2,,changing,0.007,126,2
1229,208,239,2,,changing,0.007,126,2
1230,212,243,2,,changing,0.007,126,2
1231,213,244,2,,changing,0.007,126,2
1232,214,245,2,,changing,0.007,126,2
1233,215,246,2,,changing,0.007,126,2
1234,216,247,2,,changing,0.007,126,2
1235,217,248,2,,changing,0.007,126,2
1236,218,249,2,,changing,0.007,126,2
1237,219,250,2,,changing,0.007,126,2
1238,220,251,2,,changing,0.007,126,2
1239,221,252,2,,changing,0.007,126,2
1240,222,253,2,,changing,0.007,126,2
1241,223,254,2,,changing,0.007,126,2
1242,224,255,2,,changing,0.007,126,2
1243,225,256,2,,changing,0.007,126,2
1244,226,257,2,,changing,0.007,126,2
1245,227,258,2,,changing,0.007,126,2
1246,228,259,2,,changing,0.007,126,2
1247,229,260,2,,changing,0.007,126,2
1248,230,261,2,,changing,0.007,126,2
1249,231,262,2,,changing,0.007,126,2
1250,232,263,2,,changing,0.007,126,2
1251,233,264,2,,changing,0.007,126,2
1252,234,265,2,,changing,0.007,126,2
1253,235,266,2,,changing,0.007,126,2
1254,236,267,2,,changing,0.007,126,2
1255,237,268,2,,changing,0.007,126,2
1256,238,269,2,,changing,0.007,126,2
1257,242,273,2,,changing,0.007,126,2
1258,243,274,2,,changing,0.007,126,2
1259,244,275,2,,changing,0.007,126,2
1260,245,276,2,,changing,0.007,126,2
1261,246,277,2,,changing,0.007,126,2
1262,247,278,2,,changing,0.007,126,2
1263,248,279,2,,changing,0.007,126,2
1264,249,280,2,,changing,0.007,126,2
1265,250,281,2,,changing,0.007,126,2
1266,251,282,2,,changing,0.007,126,2
1267,252,283,2,,changing,0.007,126,2
1268,253,284,2,,changing,0.007,126,2
1269,254,285,2,,changing,0.007,126,2
1270,255,286,2,,changing,0.007,126,2
1271,256,287,2,,changing,0.007,126,2
1272,257,288,2,,changing,0.007,126,2
1273,258,289,2,,changing,0.007,126,2
1274,259,290,2,,changing,0.007,126,2
1275,260,291,2,,changing,0.007,126,2
1276,261,292,2,,changing,0.007,126,2
1277,262,293,2,,changing,0.007,126,2
1278,263,294,2,,changing,0.007,126,2
1279,264,295,2,,changing,0.007,126,2
1280,265,296,2,,changing,0.007,126,2
1281,266,297,2,,changing,0.007,126,2
1282,267,298,2,,changing,0.007,126,2
1283,268,299,2,,changing,0.007,126,2
1284,182,153,2,,changing,0.007,126,2
1285,183,154,2,,changing,0.007,126,2
1286,184,155,2,,changing,0.007,126,2
1287,185,156,2,,changing,0.007,126,2
1288,186,157,2,,changing,0.007,126,2
1289,187,158,2,,changing,0.007,126,2
1290,188,159,2,,changing,0.007,126,2
1291,189,160,2,,changing,0.007,126,2
1292,190,161,2,,changing,0.007,126,2
1293,191,162,2,,changing,0.007,126,2
1294,192,163,2,,changing,0.007,126,2
1295,193,164,2,,changing,0.007,126,2
1296,194,165,2,,changing,0.007,126,2
1297,195,166,2,,changing,0.007,126,2
1298,196,167,2,,changing,0.007,126,2
1299,197,168,2,,changing,0.007,126,2
1300,198,169,2,,changing,0.007,126,2
1301,199,170,2,,changing,0.007,126,2
1302,200,171,2,,changing,0.007,126,2
1303,201,172,2,,changing,0.007,126,2
1304,202,173,2,,changing,0.007,126,2
1305,203,174,2,,changing,0.007,126,2
1306,204,175,2,,changing,0.007,126,2
1307,205,176,2,,changing,0.007,126,2
1308,206,177,2,,changing,0.007,126,2
1309,207,178,2,,changing,0.007,126,2
1310,208,179,2,,changing,0.007,126,2
1311,212,183,2,,changing,0.007,126,2
1312,213,184,2,,changing,0.007,126,2
1313,214,185,2,,changing,0.007,126,2
1314,215,186,2,,changing,0.007,126,2
1315,216,187,2,,changing,0.007,126,2
1316,217,188,2,,changing,0.007,126,2
1317,218,189,2,,changing,0.007,126,2
1318,219,190,2,,changing,0.007,126,2
1319,220,191,2,,changing,0.007,126,2
1320,221,192,2,,changing,0.007,126,2
1321,222,193,2,,changing,0.007,126,2
1322,223,194,2,,changing,0.007,126,2
1323,224,195,2,,changing,0.007,126,2
1324,225,196,2,,changing,0.007,126,2
1325,226,197,2,,changing,0.007,126,2
1326,227,198,2,,changing,0.007,126,2
1327,228,199,2,,changing,0.007,126,2
1328,229,200,2,,changing,0.007,126,2
1329,230,201,2,,changing,0.007,126,2
1330,231,202,2,,changing,0.007,126,2
1331,232,203,2,,changing,0.007,126,2
1332,233,204,2,,changing,0.007,126,2
1333,234,205,2,,changing,0.007,126,2
1334,235,206,2,,changing,0.007,126,2
1335,236,207,2,,changing,0.007,126,2
1336,237,208,2,,changing,0.007,126,2
1337,238,209,2,,changing,0.007,126,2
1338,242,213,2,,changing,0.007,126,2
1339,243,214,2,,changing,0.007,126,2
1340,244,215,2,,changing,0.007,126,2
1341,245,216,2,,changing,0.007,126,2
1342,246,217,2,,changing,0.007,126,2
1343,247,218,2,,changing,0.007,126,2
1344,248,219,2,,changing,0.007,126,2
1345,249,220,2,,changing,0.007,126,2
1346,250,221,2,,changing,0.007,126,2
1347,251,222,2,,changing,0.007,126,2
1348,252,223,2,,changing,0.007,126,2
1349,253,224,2,,changing,0.007,126,2
1350,254,225,2,,changing,0.007,126,2
1351,255,226,2,,changing,0.007,126,2
1352,256,227,2,,changing,0.007,126,2
1353,257,228,2,,changing,0.007,126,2
1354,258,229,2,,changing,0.007,126,2
1355,259,230,2,,changing,0.007,126,2
1356,260,231,2,,changing,0.007,126,2
1357,261,232,2,,changing,0.007,126,2
1358,262,233,2,,changing,0.007,126,2
1359,263,234,2,,changing,0.007,126,2
1360,264,235,2,,changing,0.007,126,2
1361,265,236,2,,changing,0.007,126,2
1362,266,237,2,,changing,0.007,126,2
1363,267,238,2,,changing,0.007,126,2
1364,268,239,2,,changing,0.007,126,2
1365,272,243,2,,changing,0.007,126,2
1366,273,244,2,,changing,0.007,126,2
1367,274,245,2,,changing,0.007,126,2
1368,275,246,2,,changing,0.007,126,2
1369,276,247,2,,changing,0.007,126,2
1370,277,248,2,,changing,0.007,126,2
1371,278,249,2,,changing,0.007,126,2
1372,279,250,2,,changing,0.007,126,2
1373,280,251,2,,changing,0.007,126,2
1374,281,252,2,,changing,0.007,126,2
1375,282,253,2,,changing,0.007,126,2
1376,283,254,2,,changing,0.007,126,2
1377,284,255,2,,changing,0.007,126,2
1378,285,256,2,,changing,0.007,126,2
1379,286,257,2,,changing,0.007,126,2
1380,287,258,2,,changing,0.007,126,2
1381,288,259,2,,changing,0.007,126,2
1382,289,260,2,,changing,0.007,126,2
1383,290,261,2,,changing,0.007,126,2
1384,291,262,2,,changing,0.007,126,2
1385,292,263,2,,changing,0.007,126,2
1386,293,264,2,,changing,0.007,126,2
1387,294,265,2,,changing,0.007,126,2
1388,295,266,2,,changing,0.007,126,2
1389,296,267,2,,changing,0.007,126,2
1390,297,268,2,,changing,0.007,126,2
1391,298,269,2,,changing,0.007,126,2
1392,300,331,3,,changing,0.007,126,2
1393,301,332,3,,changing,0.007,126,2
1394,302,333,3,,changing,0.007,126,2
1395,303,334,3,,changing,0.007,126,2
1396,304,335,3,,changing,0.007,126,2
1397,305,336,3,,changing,0.007,126,2
1398,306,337,3,,changing,0.007,126,2
1399,307,338,3,,changing,0.007,126,2
1400,308,339,3,,changing,0.007,126,2
1401,309,340,3,,changing,0.007,126,2
1402,310,341,3,,changing,0.007,126,2
1403,311,342,3,,changing,0.007,126,2
1404,312,343,3,,changing,0.007,126,2
1405,313,344,3,,changing,0.007,126,2
1406,314,345,3,,changing,0.007,126,2
1407,315,346,3,,changing,0.007,126,2
1408,316,347,3,,changing,0.007,126,2
1409,317,348,3,,changing,0.007,126,2
1410,318,349,3,,changing,0.007,126,2
1411,319,350,3,,changing,0.007,126,2
1412,320,351,3,,changing,0.007,126,2
1413,321,352,3,,changing,0.007,126,2
1414,322,353,3,,changing,0.007,126,2
1415,323,354,3,,changing,0.007,126,2
1416,324,355,3,,changing,0.007,126,2
1417,325,356,3,,changing,0.007,126,2
1418,326,357,3,,changing,0.007,126,2
1419,330,361,3,,changing,0.007,126,2
1420,331,362,3,,changing,0.007,126,2
1421,332,363,3,,changing,0.007,126,2
1422,333,364,3,,changing,0.007,126,2
1423,334,365,3,,changing,0.007,126,2
1424,335,366,3,,changing,0.007,126,2
1425,336,367,3,,changing,0.007,126,2
1426,337,368,3,,changing,0.007,126,2
1427,338,369,3,,changing,0.007,126,2
1428,339,370,3,,changing,0.007,126,2
1429,340,371,3,,changing,0.007,126,2
1430,341,372,3,,changing,0.007,126,2
1431,342,373,3,,changing,0.007,126,2
1432,343,374,3,,changing,0.007,126,2
1433,344,375,3,,changing,0.007,126,2
1434,345,376,3,,changing,0.007,126,2
1435,346,377,3,,changing,0.007,126,2
1436,347,378,3,,changing,0.007,126,2
1437,348,379,3,,changing,0.007,126,2
1438,349,380,3,,changing,0.007,126,2
1439,350,381,3,,changing,0.007,126,2
1440,351,382,3,,changing,0.007,126,2
1441,352,383,3,,changing,0.007,126,2
1442,353,384,3,,changing,0.007,126,2
1443,354,385,3,,changing,0.007,126,2
1444,355,386,3,,changing,0.007,126,2
1445,356,387,3,,changing,0.007,126,2
1446,360,391,3,,changing,0.007,126,2
1447,361,392,3,,changing,0.007,126,2
1448,362,393,3,,changing,0.007,126,2
1449,363,394,3,,changing,0.007,126,2
1450,364,395,3,,changing,0.007,126,2
1451,365,396,3,,changing,0.007,126,2
1452,366,397,3,,changing,0.007,126,2
1453,367,398,3,,changing,0.007,126,2
1454,368,399,3,,changing,0.007,126,2
1455,369,400,3,,changing,0.007,126,2
1456,370,401,3,,changing,0.007,126,2
1457,371,402,3,,changing,0.007,126,2
1458,372,403,3,,changing,0.007,126,2
1459,373,404,3,,changing,0.007,126,2
1460,374,405,3,,changing,0.007,126,2
1461,375,406,3,,changing,0.007,126,2
1462,376,407,3,,changing,0.007,126,2
1463,377,408,3,,changing,0.007,126,2
1464,378,409,3,,changing,0.007,126,2
1465,379,410,3,,changing,0.007,126,2
1466,380,411,3,,changing,0.007,126,2
1467,381,412,3,,changing,0.007,126,2
1468,382,413,3,,changing,0.007,126,2
1469,383,414,3,,changing,0.007,126,2
1470,384,415,3,,changing,0.007,126,2
1471,385,416,3,,changing,0.007,126,2
1472,386,417,3,,changing,0.007,126,2
1473,390,421,3,,changing,0.007,126,2
1474,391,422,3,,changing,0.007,126,2
1475,392,423,3,,changing,0.007,126,2
1476,393,424,3,,changing,0.007,126,2
1477,394,425,3,,changing,0.007,126,2
1478,395,426,3,,changing,0.007,126,2
1479,396,427,3,,changing,0.007,126,2
1480,397,428,3,,changing,0.007,126,2
1481,398,429,3,,changing,0.007,126,2
1482,399,430,3,,changing,0.007,126,2
1483,400,431,3,,changing,0.007,126,2
1484,401,432,3,,changing,0.007,126,2
1485,402,433,3,,changing,0.007,126,2
1486,403,434,3,,changing,0.007,126,2
1487,404,435,3,,changing,0.007,126,2
1488,405,436,3,,changing,0.007,126,2
1489,406,437,3,,changing,0.007,126,2
1490,407,438,3,,changing,0.007,126,2
1491,408,439,3,,changing,0.007,126,2
1492,409,440,3,,changing,0.007,126,2
1493,410,441,3,,changing,0.007,126,2
1494,411,442,3,,changing,0.007,126,2
1495,412,443,3,,changing,0.007,126,2
1496,413,444,3,,changing,0.007,126,2
1497,414,445,3,,changing,0.007,126,2
1498,415,446,3,,changing,0.007,126,2
1499,416,447,3,,changing,0.007,126,2
1500,330,301,3,,changing,0.007,126,2
1501,331,302,3,,changing,0.007,126,2
1502,332,303,3,,changing,0.007,126,2
1503,333,304,3,,changing,0.007,126,2
1504,334,305,3,,changing,0.007,126,2
1505,335,306,3,,changing,0.007,126,2
1506,336,307,3,,changing,0.007,126,2
1507,337,308,3,,changing,0.007,126,2
1508,338,309,3,,changing,0.007,126,2
1509,339,310,3,,changing,0.007,126,2
1510,340,311,3,,changing,0.007,126,2
1511,341,312,3,,changing,0.007,126,2
1512,342,313,3,,changing,0.007,126,2
1513,343,314,3,,changing,0.007,126,2
1514,344,315,3,,changing,0.007,126,2
1515,345,316,3,,changing,0.007,126,2
1516,346,317,3,,changing,0.007,126,2
1517,347,318,3,,changing,0.007,126,2
1518,348,319,3,,changing,0.007,126,2
1519,349,320,3,,changing,0.007,126,2
1520,350,321,3,,changing,0.007,126,2
1521,351,322,3,,changing,0.007,126,2
1522,352,323,3,,changing,0.007,126,2
1523,353,324,3,,changing,0.007,126,2
1524,354,325,3,,changing,0.007,126,2
1525,355,326,3,,changing,0.007,126,2
1526,356,327,3,,changing,0.007,126,2
1527,360,331,3,,changing,0.007,126,2
1528,361,332,3,,changing,0.007,126,2
1529,362,333,3,,changing,0.007,126,2
1530,363,334,3,,changing,0.007,126,2
1531,364,335,3,,changing,0.007,126,2
1532,365,336,3,,changing,0.007,126,2
1533,366,337,3,,changing,0.007,126,2
1534,367,338,3,,changing,0.007,126,2
1535,368,339,3,,changing,0.007,126,2
1536,369,340,3,,changing,0.007,126,2
1537,370,341,3,,changing,0.007,126,2
1538,371,342,3,,changing,0.007,126,2
1539,372,343,3,,changing,0.007,126,2
1540,373,344,3,,changing,0.007,126,2
1541,374,345,3,,changing,0.007,126,2
1542,375,346,3,,changing,0.007,126,2
1543,376,347,3,,changing,0.007,126,2
1544,377,348,3,,changing,0.007,126,2
1545,378,349,3,,changing,0.007,126,2
1546,379,350,3,,changing,0.007,126,2
1547,380,351,3,,changing,0.007,126,2
1548,381,352,3,,changing,0.007,126,2
1549,382,353,3,,changing,0.007,126,2
1550,383,354,3,,changing,0.007,126,2
1551,384,355,3,,changing,0.007,126,2
1552,385,356,3,,changing,0.007,126,2
1553,386,357,3,,changing,0.007,126,2
1554,390,361,3,,changing,0.007,126,2
1555,391,362,3,,changing,0.007,126,2
1556,392,363,3,,changing,0.007,126,2
1557,393,364,3,,changing,0.007,126,2
1558,394,365,3,,changing,0.007,126,2
1559,395,366,3,,changing,0.007,126,2
1560,396,367,3,,changing,0.007,126,2
1561,397,368,3,,changing,0.007,126,2
1562,398,369,3,,changing,0.007,126,2
1563,399,370,3,,changing,0.007,126,2
1564,400,371,3,,changing,0.007,126,2
1565,401,372,3,,changing,0.007,126,2
1566,402,373,3,,changing,0.007,126,2
1567,403,374,3,,changing,0.007,126,2
1568,404,375,3,,changing,0.007,126,2
1569,405,376,3,,changing,0.007,126,2
1570,406,377,3,,changing,0.007,126,2
1571,407,378,3,,changing,0.007,126,2
1572,408,379,3,,changing,0.007,126,2
1573,409,380,3,,changing,0.007,126,2
1574,410,381,3,,changing,0.007,126,2
1575,411,382,3,,changing,0.007,126,2
1576,412,383,3,,changing,0.007,126,2
1577,413,384,3,,changing,0.007,126,2
1578,414,385,3,,changing,0.007,126,2
1579,415,386,3,,changing,0.007,126,2
1580,416,387,3,,changing,0.007,126,2
1581,420,391,3,,changing,0.007,126,2
1582,421,392,3,,changing,0.007,126,2
1583,422,393,3,,changing,0.007,126,2
1584,423,394,3,,changing,0.007,126,2
1585,424,395,3,,changing,0.007,126,2
1586,425,396,3,,changing,0.007,126,2
1587,426,397,3,,changing,0.007,126,2
1588,427,398,3,,changing,0.007,126,2
1589,428,399,3,,changing,0.007,126,2
1590,429,400,3,,changing,0.007,126,2
1591,430,401,3,,changing,0.007,126,2
1592,431,402,3,,changing,0.007,126,2
1593,432,403,3,,changing,0.007,126,2
1594,433,404,3,,changing,0.007,126,2
1595,434,405,3,,changing,0.007,126,2
1596,435,406,3,,changing,0.007,126,2
1597,436,407,3,,changing,0.007,126,2
1598,437,408,3,,changing,0.007,126,2
1599,438,409,3,,changing,0.007,126,2
1600,439,410,3,,changing,0.007,126,2
1601,440,411,3,,changing,0.007,126,2
1602,441,412,3,,changing,0.007,126,2
1603,442,413,3,,changing,0.007,126,2
1604,443,414,3,,changing,0.007,126,2
1605,444,415,3,,changing,0.007,126,2
1606,445,416,3,,changing,0.007,126,2
1607,446,417,3,,changing,0.007,126,2
1608,452,483,4,,changing,0.007,126,2
1609,453,484,4,,changing,0.007,126,2
1610,454,485,4,,changing,0.007,126,2
1611,455,486,4,,changing,0.007,126,2
1612,456,487,4,,changing,0.007,126,2
1613,457,488,4,,changing,0.007,126,2
1614,458,489,4,,changing,0.007,126,2
1615,459,490,4,,changing,0.007,126,2
1616,460,491,4,,changing,0.007,126,2
1617,461,492,4,,changing,0.007,126,2
1618,462,493,4,,changing,0.007,126,2
1619,463,494,4,,changing,0.007,126,2
1620,464,495,4,,changing,0.007,126,2
1621,465,496,4,,changing,0.007,126,2
1622,466,497,4,,changing,0.007,126,2
1623,467,498,4,,changing,0.007,126,2
1624,468,499,4,,changing,0.007,126,2
1625,469,500,4,,changing,0.007,126,2
1626,470,501,4,,changing,0.007,126,2
1627,471,502,4,,changing,0.007,126,2
1628,472,503,4,,changing,0.007,126,2
1629,473,504,4,,changing,0.007,126,2
1630,474,505,4,,changing,0.007,126,2
1631,475,506,4,,changing,0.007,126,2
1632,476,507,4,,changing,0.007,126,2
1633,477,508,4,,changing,0.007,126,2
1634,478,509,4,,changing,0.007,126,2
1635,482,513,4,,changing,0.007,126,2
1636,483,514,4,,changing,0.007,126,2
1637,484,515,4,,changing,0.007,126,2
1638,485,516,4,,changing,0.007,126,2
1639,486,517,4,,changing,0.007,126,2
1640,487,518,4,,changing,0.007,126,2
1641,488,519,4,,changing,0.007,126,2
1642,489,520,4,,changing,0.007,126,2
1643,490,521,4,,changing,0.007,126,2
1644,491,522,4,,changing,0.007,126,2
1645,492,523,4,,changing,0.007,126,2
1646,493,524,4,,changing,0.007,126,2
1647,494,525,4,,changing,0.007,126,2
1648,495,526,4,,changing,0.007,126,2
1649,496,527,4,,changing,0.007,126,2
1650,497,528,4,,changing,0.007,126,2
1651,498,529,4,,changing,0.007,126,2
1652,499,530,4,,changing,0.007,126,2
1653,500,531,4,,changing,0.007,126,2
1654,501,532,4,,changing,0.007,126,2
1655,502,533,4,,changing,0.007,126,2
1656,503,534,4,,changing,0.007,126,2
1657,504,535,4,,changing,0.007,126,2
1658,505,536,4,,changing,0.007,126,2
1659,506,537,4,,changing,0.007,126,2
1660,507,538,4,,changing,0.007,126,2
1661,508,539,4,,changing,0.007,126,2
1662,512,543,4,,changing,0.007,126,2
1663,513,544,4,,changing,0.007,126,2
1664,514,545,4,,changing,0.007,126,2
1665,515,546,4,,changing,0.007,126,2
1666,516,547,4,,changing,0.007,126,2
1667,517,548,4,,changing,0.007,126,2
1668,518,549,4,,changing,0.007,126,2
1669,519,550,4,,changing,0.007,126,2
1670,520,551,4,,changing,0.007,126,2
1671,521,552,4,,changing,0.007,126,2
1672,522,553,4,,changing,0.007,126,2
1673,523,554,4,,changing,0.007,126,2
1674,524,555,4,,changing,0.007,126,2
1675,525,556,4,,changing,0.007,126,2
1676,526,557,4,,changing,0.007,126,2
1677,527,558,4,,changing,0.007,126,2
1678,528,559,4,,changing,0.007,126,2
1679,529,560,4,,changing,0.007,126,2
1680,530,561,4,,changing,0.007,126,2
1681,531,562,4,,changing,0.007,126,2
1682,532,563,4,,changing,0.007,126,2
1683,533,564,4,,changing,0.007,126,2
1684,534,565,4,,changing,0.007,126,2
1685,535,566,4,,changing,0.007,126,2
1686,536,567,4,,changing,0.007,126,2
1687,537,568,4,,changing,0.007,126,2
1688,538,569,4,,changing,0.007,126,2
1689,542,573,4,,changing,0.007,126,2
1690,543,574,4,,changing,0.007,126,2
1691,544,575,4,,changing,0.007,126,2
1692,545,576,4,,changing,0.007,126,2
1693,546,577,4,,changing,0.007,126,2
1694,547,578,4,,changing,0.007,126,2
1695,548,579,4,,changing,0.007,126,2
1696,549,580,4,,changing,0.007,126,2
1697,550,581,4,,changing,0.007,126,2
1698,551,582,4,,changing,0.007,126,2
1699,552,583,4,,changing,0.007,126,2
1700,553,584,4,,changing,0.007,126,2
1701,554,585,4,,changing,0.007,126,2
1702,555,586,4,,changing,0.007,126,2
1703,556,587,4,,changing,0.007,126,2
1704,557,588,4,,changing,0.007,126,2
1705,558,589,4,,changing,0.007,126,2
1706,559,590,4,,changing,0.007,126,2
1707,560,591,4,,changing,0.007,126,2
1708,561,592,4,,changing,0.007,126,2
1709,562,593,4,,changing,0.007,126,2
1710,563,594,4,,changing,0.007,126,2
1711,564,595,4,,changing,0.007,126,2
1712,565,596,4,,changing,0.007,126,2
1713,566,597,4,,changing,0.007,126,2
1714,567,598,4,,changing,0.007,126,2
1715,568,599,4,,changing,0.007,126,2
1716,482,453,4,,changing,0.007,126,2
1717,483,454,4,,changing,0.007,126,2
1718,484,455,4,,changing,0.007,126,2
1719,485,456,4,,changing,0.007,126,2
1720,486,457,4,,changing,0.007,126,2
1721,487,458,4,,changing,0.007,126,2
1722,488,459,4,,changing,0.007,126,2
1723,489,460,4,,changing,0.007,126,2
1724,490,461,4,,changing,0.007,126,2
1725,491,462,4,,changing,0.007,126,2
1726,492,463,4,,changing,0.007,126,2
1727,493,464,4,,changing,0.007,126,2
1728,494,465,4,,changing,0.007,126,2
1729,495,466,4,,changing,0.007,126,2
1730,496,467,4,,changing,0.007,126,2
1731,497,468,4,,changing,0.007,126,2
1732,498,469,4,,changing,0.007,126,2
1733,499,470,4,,changing,0.007,126,2
1734,500,471,4,,changing,0.007,126,2
1735,501,472,4,,changing,0.007,126,2
1736,502,473,4,,changing,0.007,126,2
1737,503,474,4,,changing,0.007,126,2
1738,504,475,4,,changing,0.007,126,2
1739,505,476,4,,changing,0.007,126,2
1740,506,477,4,,changing,0.007,126,2
1741,507,478,4,,changing,0.007,126,2
1742,508,479,4,,changing,0.007,126,2
1743,512,483,4,,changing,0.007,126,2
1744,513,484,4,,changing,0.007,126,2
1745,514,485,4,,changing,0.007,126,2
1746,515,486,4,,changing,0.007,126,2
1747,516,487,4,,changing,0.007,126,2
1748,517,488,4,,changing,0.007,126,2
1749,518,489,4,,changing,0.007,126,2
1750,519,490,4,,changing,0.007,126,2
1751,520,491,4,,changing,0.007,126,2
1752,521,492,4,,changing,0.007,126,2
1753,522,493,4,,changing,0.007,126,2
1754,523,494,4,,changing,0.007,126,2
1755,524,495,4,,changing,0.007,126,2
1756,525,496,4,,changing,0.007,126,2
1757,526,497,4,,changing,0.007,126,2
1758,527,498,4,,changing,0.007,126,2
1759,528,499,4,,changing,0.007,126,2
1760,529,500,4,,changing,0.007,126,2
1761,530,501,4,,changing,0.007,126,2
1762,531,502,4,,changing,0.007,126,2
1763,532,503,4,,changing,0.007,126,2
1764,533,504,4,,changing,0.007,126,2
1765,534,505,4,,changing,0.007,126,2
1766,535,506,4,,changing,0.007,126,2
1767,536,507,4,,changing,0.007,126,2
1768,537,508,4,,changing,0.007,126,2
1769,538,509,4,,changing,0.007,126,2
1770,542,513,4,,changing,0.007,126,2
1771,543,514,4,,changing,0.007,126,2
1772,544,515,4,,changing,0.007,126,2
1773,545,516,4,,changing,0.007,126,2
1774,546,517,4,,changing,0.007,126,2
1775,547,518,4,,changing,0.007,126,2
1776,548,519,4,,changing,0.007,126,2
1777,549,520,4,,changing,0.007,126,2
1778,550,521,4,,changing,0.007,126,2
1779,551,522,4,,changing,0.007,126,2
1780,552,523,4,,changing,0.007,126,2
1781,553,524,4,,changing,0.007,126,2
1782,554,525,4,,changing,0.007,126,2
1783,555,526,4,,changing,0.007,126,2
1784,556,527,4,,changing,0.007,126,2
1785,557,528,4,,changing,0.007,126,2
1786,558,529,4,,changing,0.007,126,2
1787,559,530,4,,changing,0.007,126,2
1788,560,531,4,,changing,0.007,126,2
1789,561,532,4,,changing,0.007,126,2
1790,562,533,4,,changing,0.007,126,2
1791,563,534,4,,changing,0.007,126,2
1792,564,535,4,,changing,0.007,126,2
1793,565,536,4,,changing,0.007,126,2
1794,566,537,4,,changing,0.007,126,2
1795,567,538,4,,changing,0.007,126,2
1796,568,539,4,,changing,0.007,126,2
1797,572,543,4,,changing,0.007,126,2
1798,573,544,4,,changing,0.007,126,2
1799,574,545,4,,changing,0.007,126,2
1800,575,546,4,,changing,0.007,126,2
1801,576,547,4,,changing,0.007,126,2
1802,577,548,4,,changing,0.007,126,2
1803,578,549,4,,changing,0.007,126,2
1804,579,550,4,,changing,0.007,126,2
1805,580,551,4,,changing,0.007,126,2
1806,581,552,4,,changing,0.007,126,2
1807,582,553,4,,changing,0.007,126,2
1808,583,554,4,,changing,0.007,126,2
1809,584,555,4,,changing,0.007,126,2
1810,585,556,4,,changing,0.007,126,2
1811,586,557,4,,changing,0.007,126,2
1812,587,558,4,,changing,0.007,126,2
1813,588,559,4,,changing,0.007,126,2
1814,589,560,4,,changing,0.007,126,2
1815,590,561,4,,changing,0.007,126,2
1816,591,562,4,,changing,0.007,126,2
1817,592,563,4,,changing,0.007,126,2
1818,593,564,4,,changing,0.007,126,2
1819,594,565,4,,changing,0.007,126,2
1820,595,566,4,,changing,0.007,126,2
1821,596,567,4,,changing,0.007,126,2
1822,597,568,4,,changing,0.007,126,2
1823,598,569,4,,changing,0.007,126,2
1824,600,621,5,,changing,0.007,126,2
1825,601,622,5,,changing,0.007,126,2
1826,602,623,5,,changing,0.007,126,2
1827,603,624,5,,changing,0.007,126,2
1828,604,625,5,,changing,0.007,126,2
1829,605,626,5,,changing,0.007,126,2
1830,606,627,5,,changing,0.007,126,2
1831,607,628,5,,changing,0.007,126,2
1832,608,629,5,,changing,0.007,126,2
1833,609,630,5,,changing,0.007,126,2
1834,610,631,5,,changing,0.007,126,2
1835,611,632,5,,changing,0.007,126,2
1836,612,633,5,,changing,0.007,126,2
1837,613,634,5,,changing,0.007,126,2
1838,614,635,5,,changing,0.007,126,2
1839,615,636,5,,changing,0.007,126,2
1840,616,637,5,,changing,0.007,126,2
1841,620,641,5,,changing,0.007,126,2
1842,621,642,5,,changing,0.007,126,2
1843,622,643,5,,changing,0.007,126,2
1844,623,644,5,,changing,0.007,126,2
1845,624,645,5,,changing,0.007,126,2
1846,625,646,5,,changing,0.007,126,2
1847,626,647,5,,changing,0.007,126,2
1848,627,648,5,,changing,0.007,126,2
1849,628,649,5,,changing,0.007,126,2
1850,629,650,5,,changing,0.007,126,2
1851,630,651,5,,changing,0.007,126,2
1852,631,652,5,,changing,0.007,126,2
1853,632,653,5,,changing,0.007,126,2
1854,633,654,5,,changing,0.007,126,2
1855,634,655,5,,changing,0.007,126,2
1856,635,656,5,,changing,0.007,126,2
1857,636,657,5,,changing,0.007,126,2
1858,640,661,5,,changing,0.007,126,2
1859,641,662,5,,changing,0.007,126,2
1860,642,663,5,,changing,0.007,126,2
1861,643,664,5,,changing,0.007,126,2
1862,644,665,5,,changing,0.007,126,2
1863,645,666,5,,changing,0.007,126,2
1864,646,667,5,,changing,0.007,126,2
1865,647,668,5,,changing,0.007,126,2
1866,648,669,5,,changing,0.007,126,2
1867,649,670,5,,changing,0.007,126,2
1868,650,671,5,,changing,0.007,126,2
1869,651,672,5,,changing,0.007,126,2
1870,652,673,5,,changing,0.007,126,2
1871,653,674,5,,changing,0.007,126,2
1872,654,675,5,,changing,0.007,126,2
1873,655,676,5,,changing,0.007,126,2
1874,656,677,5,,changing,0.007,126,2
1875,660,681,5,,changing,0.007,126,2
1876,661,682,5,,changing,0.007,126,2
1877,662,683,5,,changing,0.007,126,2
1878,663,684,5,,changing,0.007,126,2
1879,664,685,5,,changing,0.007,126,2
1880,665,686,5,,changing,0.007,126,2
1881,666,687,5,,changing,0.007,126,2
1882,667,688,5,,changing,0.007,126,2
1883,668,689,5,,changing,0.007,126,2
1884,669,690,5,,changing,0.007,126,2
1885,670,691,5,,changing,0.007,126,2
1886,671,692,5,,changing,0.007,126,2
1887,672,693,5,,changing,0.007,126,2
1888,673,694,5,,changing,0.007,126,2
1889,674,695,5,,changing,0.007,126,2
1890,675,696,5,,changing,0.007,126,2
1891,676,697,5,,changing,0.007,126,2
1892,620,601,5,,changing,0.007,126,2
1893,621,602,5,,changing,0.007,126,2
1894,622,603,5,,changing,0.007,126,2
1895,623,604,5,,changing,0.007,126,2
1896,624,605,5,,changing,0.007,126,2
1897,625,606,5,,changing,0.007,126,2
1898,626,607,5,,changing,0.007,126,2
1899,627,608,5,,changing,0.007,126,2
1900,628,609,5,,changing,0.007,126,2
1901,629,610,5,,changing,0.007,126,2
1902,630,611,5,,changing,0.007,126,2
1903,631,612,5,,changing,0.007,126,2
1904,632,613,5,,changing,0.007,126,2
1905,633,614,5,,changing,0.007,126,2
1906,634,615,5,,changing,0.007,126,2
1907,635,616,5,,changing,0.007,126,2
1908,636,617,5,,changing,0.007,126,2
1909,640,621,5,,changing,0.007,126,2
1910,641,622,5,,changing,0.007,126,2
1911,642,623,5,,changing,0.007,126,2
1912,643,624,5,,changing,0.007,126,2
1913,644,625,5,,changing,0.007,126,2
1914,645,626,5,,changing,0.007,126,2
1915,646,627,5,,changing,0.007,126,2
1916,647,628,5,,changing,0.007,126,2
1917,648,629,5,,changing,0.007,126,2
1918,649,630,5,,changing,0.007,126,2
1919,650,631,5,,changing,0.007,126,2
1920,651,632,5,,changing,0.007,126,2
1921,652,633,5,,changing,0.007,126,2
1922,653,634,5,,changing,0.007,126,2
1923,654,635,5,,changing,0.007,126,2
1924,655,636,5,,changing,0.007,126,2
1925,656,637,5,,changing,0.007,126,2
1926,660,641,5,,changing,0.007,126,2
1927,661,642,5,,changing,0.007,126,2
1928,662,643,5,,changing,0.007,126,2
1929,663,644,5,,changing,0.007,126,2
1930,664,645,5,,changing,0.007,126,2
1931,665,646,5,,changing,0.007,126,2
1932,666,647,5,,changing,0.007,126,2
1933,667,648,5,,changing,0.007,126,2
1934,668,649,5,,changing,0.007,126,2
1935,669,650,5,,changing,0.007,126,2
1936,670,651,5,,changing,0.007,126,2
1937,671,652,5,,changing,0.007,126,2
1938,672,653,5,,changing,0.007,126,2
1939,673,654,5,,changing,0.007,126,2
1940,674,655,5,,changing,0.007,126,2
1941,675,656,5,,changing,0.007,126,2
1942,676,657,5,,changing,0.007,126,2
1943,680,661,5,,changing,0.007,126,2
1944,681,662,5,,changing,0.007,126,2
1945,682,663,5,,changing,0.007,126,2
1946,683,664,5,,changing,0.007,126,2
1947,684,665,5,,changing,0.007,126,2
1948,685,666,5,,changing,0.007,126,2
1949,686,667,5,,changing,0.007,126,2
1950,687,668,5,,changing,0.007,126,2
1951,688,669,5,,changing,0.007,126,2
1952,689,670,5,,changing,0.007,126,2
1953,690,671,5,,changing,0.007,126,2
1954,691,672,5,,changing,0.007,126,2
1955,692,673,5,,changing,0.007,126,2
1956,693,674,5,,changing,0.007,126,2
1957,694,675,5,,changing,0.007,126,2
1958,695,676,5,,changing,0.007,126,2
1959,696,677,5,,changing,0.007,126,2
1960,702,723,6,,changing,0.007,126,2
1961,703,724,6,,changing,0.007,126,2
1962,704,725,6,,changing,0.007,126,2
1963,705,726,6,,changing,0.007,126,2
1964,706,727,6,,changing,0.007,126,2
1965,707,728,6,,changing,0.007,126,2
1966,708,729,6,,changing,0.007,126,2
1967,709,730,6,,changing,0.007,126,2
1968,710,731,6,,changing,0.007,126,2
1969,711,732,6,,changing,0.007,126,2
1970,712,733,6,,changing,0.007,126,2
1971,713,734,6,,changing,0.007,126,2
1972,714,735,6,,changing,0.007,126,2
1973,715,736,6,,changing,0.007,126,2
1974,716,737,6,,changing,0.007,126,2
1975,717,738,6,,changing,0.007,126,2
1976,718,739,6,,changing,0.007,126,2
1977,722,743,6,,changing,0.007,126,2
1978,723,744,6,,changing,0.007,126,2
1979,724,745,6,,changing,0.007,126,2
1980,725,746,6,,changing,0.007,126,2
1981,726,747,6,,changing,0.007,126,2
1982,727,748,6,,changing,0.007,126,2
1983,728,749,6,,changing,0.007,126,2
1984,729,750,6,,changing,0.007,126,2
1985,730,751,6,,changing,0.007,126,2
1986,731,752,6,,changing,0.007,126,2
1987,732,753,6,,changing,0.007,126,2
1988,733,754,6,,changing,0.007,126,2
1989,734,755,6,,changing,0.007,126,2
1990,735,756,6,,changing,0.007,126,2
1991,736,757,6,,changing,0.007,126,2
1992,737,758,6,,changing,0.007,126,2
1993,738,759,6,,changing,0.007,126,2
1994,742,763,6,,changing,0.007,126,2
1995,743,764,6,,changing,0.007,126,2
1996,744,765,6,,changing,0.007,126,2
1997,745,766,6,,changing,0.007,126,2
1998,746,767,6,,changing,0.007,126,2
1999,747,768,6,,changing,0.007,126,2
2000,748,769,6,,changing,0.007,126,2
2001,749,770,6,,changing,0.007,126,2
2002,750,771,6,,changing,0.007,126,2
2003,751,772,6,,changing,0.007,126,2
2004,752,773,6,,changing,0.007,126,2
2005,753,774,6,,changing,0.007,126,2
2006,754,775,6,,changing,0.007,126,2
2007,755,776,6,,changing,0.007,126,2
2008,756,777,6,,changing,0.007,126,2
2009,757,778,6,,changing,0.007,126,2
2010,758,779,6,,changing,0.007,126,2
2011,762,783,6,,changing,0.007,126,2
2012,763,784,6,,changing,0.007,126,2
2013,764,785,6,,changing,0.007,126,2
2014,765,786,6,,changing,0.007,126,2
2015,766,787,6,,changing,0.007,126,2
2016,767,788,6,,changing,0.007,126,2
2017,768,789,6,,changing,0.007,126,2
2018,769,790,6,,changing,0.007,126,2
2019,770,791,6,,changing,0.007,126,2
2020,771,792,6,,changing,0.007,126,2
2021,772,793,6,,changing,0.007,126,2
2022,773,794,6,,changing,0.007,126,2
2023,774,795,6,,changing,0.007,126,2
2024,775,796,6,,changing,0.007,126,2
2025,776,797,6,,changing,0.007,126,2
2026,777,798,6,,changing,0.007,126,2
2027,778,799,6,,changing,0.007,126,2
2028,722,703,6,,changing,0.007,126,2
2029,723,704,6,,changing,0.007,126,2
2030,724,705,6,,changing,0.007,126,2
2031,725,706,6,,changing,0.007,126,2
2032,726,707,6,,changing,0.007,126,2
2033,727,708,6,,changing,0.007,126,2
2034,728,709,6,,changing,0.007,126,2
2035,729,710,6,,changing,0.007,126,2
2036,730,711,6,,changing,0.007,126,2
2037,731,712,6,,changing,0.007,126,2
2038,732,713,6,,changing,0.007,126,2
2039,733,714,6,,changing,0.007,126,2
2040,734,715,6,,changing,0.007,126,2
2041,735,716,6,,changing,0.007,126,2
2042,736,717,6,,changing,0.007,126,2
2043,737,718,6,,changing,0.007,126,2
2044,738,719,6,,changing,0.007,126,2
2045,742,723,6,,changing,0.007,126,2
2046,743,724,6,,changing,0.007,126,2
2047,744,725,6,,changing,0.007,126,2
2048,745,726,6,,changing,0.007,126,2
2049,746,727,6,,changing,0.007,126,2
2050,747,728,6,,changing,0.007,126,2
2051,748,729,6,,changing,0.007,126,2
2052,749,730,6,,changing,0.007,126,2
2053,750,731,6,,changing,0.007,126,2
2054,751,732,6,,changing,0.007,126,2
2055,752,733,6,,changing,0.007,126,2
2056,753,734,6,,changing,0.007,126,2
2057,754,735,6,,changing,0.007,126,2
2058,755,736,6,,changing,0.007,126,2
2059,756,737,6,,changing,0.007,126,2
2060,757,738,6,,changing,0.007,126,2
2061,758,739,6,,changing,0.007,126,2
2062,762,743,6,,changing,0.007,126,2
2063,763,744,6,,changing,0.007,126,2
2064,764,745,6,,changing,0.007,126,2
2065,765,746,6,,changing,0.007,126,2
2066,766,747,6,,changing,0.007,126,2
2067,767,748,6,,changing,0.007,126,2
2068,768,749,6,,changing,0.007,126,2
2069,769,750,6,,changing,0.007,126,2
2070,770,751,6,,changing,0.007,126,2
2071,771,752,6,,changing,0.007,126,2
2072,772,753,6,,changing,0.007,126,2
2073,773,754,6,,changing,0.007,126,2
2074,774,755,6,,changing,0.007,126,2
2075,775,756,6,,changing,0.007,126,2
2076,776,757,6,,changing,0.007,126,2
2077,777,758,6,,changing,0.007,126,2
2078,778,759,6,,changing,0.007,126,2
2079,782,763,6,,changing,0.007,126,2
2080,783,764,6,,changing,0.007,126,2
2081,784,765,6,,changing,0.007,126,2
2082,785,766,6,,changing,0.007,126,2
2083,786,767,6,,changing,0.007,126,2
2084,787,768,6,,changing,0.007,126,2
2085,788,769,6,,changing,0.007,126,2
2086,789,770,6,,changing,0.007,126,2
2087,790,771,6,,changing,0.007,126,2
2088,791,772,6,,changing,0.007,126,2
2089,792,773,6,,changing,0.007,126,2
2090,793,774,6,,changing,0.007,126,2
2091,794,775,6,,changing,0.007,126,2
2092,795,776,6,,changing,0.007,126,2
2093,796,777,6,,changing,0.007,126,2
2094,797,778,6,,changing,0.007,126,2
2095,798,779,6,,changing,0.007,126,2
2096,800,821,7,,changing,0.007,126,2
2097,801,822,7,,changing,0.007,126,2
2098,802,823,7,,changing,0.007,126,2
2099,803,824,7,,changing,0.007,126,2
2100,804,825,7,,changing,0.007,126,2
2101,805,826,7,,changing,0.007,126,2
2102,806,827,7,,changing,0.007,126,2
2103,807,828,7,,changing,0.007,126,2
2104,808,829,7,,changing,0.007,126,2
2105,809,830,7,,changing,0.007,126,2
2106,810,831,7,,changing,0.007,126,2
2107,811,832,7,,changing,0.007,126,2
2108,812,833,7,,changing,0.007,126,2
2109,813,834,7,,changing,0.007,126,2
2110,814,835,7,,changing,0.007,126,2
2111,815,836,7,,changing,0.007,126,2
2112,816,837,7,,changing,0.007,126,2
2113,820,841,7,,changing,0.007,126,2
2114,821,842,7,,changing,0.007,126,2
2115,822,843,7,,changing,0.007,126,2
2116,823,844,7,,changing,0.007,126,2
2117,824,845,7,,changing,0.007,126,2
2118,825,846,7,,changing,0.007,126,2
2119,826,847,7,,changing,0.007,126,2
2120,827,848,7,,changing,0.007,126,2
2121,828,849,7,,changing,0.007,126,2
2122,829,850,7,,changing,0.007,126,2
2123,830,851,7,,changing,0.007,126,2
2124,831,852,7,,changing,0.007,126,2
2125,832,853,7,,changing,0.007,126,2
2126,833,854,7,,changing,0.007,126,2
2127,834,855,7,,changing,0.007,126,2
2128,835,856,7,,changing,0.007,126,2
2129,836,857,7,,changing,0.007,126,2
2130,840,861,7,,changing,0.007,126,2
2131,841,862,7,,changing,0.007,126,2
2132,842,863,7,,changing,0.007,126,2
2133,843,864,7,,changing,0.007,126,2
2134,844,865,7,,changing,0.007,126,2
2135,845,866,7,,changing,0.007,126,2
2136,846,867,7,,changing,0.007,126,2
2137,847,868,7,,changing,0.007,126,2
2138,848,869,7,,changing,0.007,126,2
2139,849,870,7,,changing,0.007,126,2
2140,850,871,7,,changing,0.007,126,2
2141,851,872,7,,changing,0.007,126,2
2142,852,873,7,,changing,0.007,126,2
2143,853,874,7,,changing,0.007,126,2
2144,854,875,7,,changing,0.007,126,2
2145,855,876,7,,changing,0.007,126,2
2146,856,877,7,,changing,0.007,126,2
2147,860,881,7,,changing,0.007,126,2
2148,861,882,7,,changing,0.007,126,2
2149,862,883,7,,changing,0.007,126,2
2150,863,884,7,,changing,0.007,126,2
2151,864,885,7,,changing,0.007,126,2
2152,865,886,7,,changing,0.007,126,2
2153,866,887,7,,changing,0.007,126,2
2154,867,888,7,,changing,0.007,126,2
2155,868,889,7,,changing,0.007,126,2
2156,869,890,7,,changing,0.007,126,2
2157,870,891,7,,changing,0.007,126,2
2158,871,892,7,,changing,0.007,126,2
2159,872,893,7,,changing,0.007,126,2
2160,873,894,7,,changing,0.007,126,2
2161,874,895,7,,changing,0.007,126,2
2162,875,896,7,,changing,0.007,126,2
2163,876,897,7,,changing,0.007,126,2
2164,820,801,7,,changing,0.007,126,2
2165,821,802,7,,changing,0.007,126,2
2166,822,803,7,,changing,0.007,126,2
2167,823,804,7,,changing,0.007,126,2
2168,824,805,7,,changing,0.007,126,2
2169,825,806,7,,changing,0.007,126,2
2170,826,807,7,,changing,0.007,126,2
2171,827,808,7,,changing,0.007,126,2
2172,828,809,7,,changing,0.007,126,2
2173,829,810,7,,changing,0.007,126,2
2174,830,811,7,,changing,0.007,126,2
2175,831,812,7,,changing,0.007,126,2
2176,832,813,7,,changing,0.007,126,2
2177,833,814,7,,changing,0.007,126,2
2178,834,815,7,,changing,0.007,126,2
2179,835,816,7,,changing,0.007,126,2
2180,836,817,7,,changing,0.007,126,2
2181,840,821,7,,changing,0.007,126,2
2182,841,822,7,,changing,0.007,126,2
2183,842,823,7,,changing,0.007,126,2
2184,843,824,7,,changing,0.007,126,2
2185,844,825,7,,changing,0.007,126,2
2186,845,826,7,,changing,0.007,126,2
2187,846,827,7,,changing,0.007,126,2
2188,847,828,7,,changing,0.007,126,2
2189,848,829,7,,changing,0.007,126,2
2190,849,830,7,,changing,0.007,126,2
2191,850,831,7,,changing,0.007,126,2
2192,851,832,7,,changing,0.007,126,2
2193,852,833,7,,changing,0.007,126,2
2194,853,834,7,,changing,0.007,126,2
2195,854,835,7,,changing,0.007,126,2
2196,855,836,7,,changing,0.007,126,2
2197,856,837,7,,changing,0.007,126,2
2198,860,841,7,,changing,0.007,126,2
2199,861,842,7,,changing,0.007,126,2
2200,862,843,7,,changing,0.007,126,2
2201,863,844,7,,changing,0.007,126,2
2202,864,845,7,,changing,0.007,126,2
2203,865,846,7,,changing,0.007,126,2
2204,866,847,7,,changing,0.007,126,2
2205,867,848,7,,changing,0.007,126,2
2206,868,849,7,,changing,0.007,126,2
2207,869,850,7,,changing,0.007,126,2
2208,870,851,7,,changing,0.007,126,2
2209,871,852,7,,changing,0.007,126,2
2210,872,853,7,,changing,0.007,126,2
2211,873,854,7,,changing,0.007,126,2
2212,874,855,7,,changing,0.007,126,2
2213,875,856,7,,changing,0.007,126,2
2214,876,857,7,,changing,0.007,126,2
2215,880,861,7,,changing,0.007,126,2
2216,881,862,7,,changing,0.007,126,2
2217,882,863,7,,changing,0.007,126,2
2218,883,864,7,,changing,0.007,126,2
2219,884,865,7,,changing,0.007,126,2
2220,885,866,7,,changing,0.007,126,2
2221,886,867,7,,changing,0.007,126,2
2222,887,868,7,,changing,0.007,126,2
2223,888,869,7,,changing,0.007,126,2
2224,889,870,7,,changing,0.007,126,2
2225,890,871,7,,changing,0.007,126,2
2226,891,872,7,,changing,0.007,126,2
2227,892,873,7,,changing,0.007,126,2
2228,893,874,7,,changing,0.007,126,2
2229,894,875,7,,changing,0.007,126,2
2230,895,876,7,,changing,0.007,126,2
2231,896,877,7,,changing,0.007,126,2
2232,902,923,8,,changing,0.007,126,2
2233,903,924,8,,changing,0.007,126,2
2234,904,925,8,,changing,0.007,126,2
2235,905,926,8,,changing,0.007,126,2
2236,906,927,8,,changing,0.007,126,2
2237,907,928,8,,changing,0.007,126,2
2238,908,929,8,,changing,0.007,126,2
2239,909,930,8,,changing,0.007,126,2
2240,910,931,8,,changing,0.007,126,2
2241,911,932,8,,changing,0.007,126,2
2242,912,933,8,,changing,0.007,126,2
2243,913,934,8,,changing,0.007,126,2
2244,914,935,8,,changing,0.007,126,2
2245,915,936,8,,changing,0.007,126,2
2246,916,937,8,,changing,0.007,126,2
2247,917,938,8,,changing,0.007,126,2
2248,918,939,8,,changing,0.007,126,2
2249,922,943,8,,changing,0.007,126,2
2250,923,944,8,,changing,0.007,126,2
2251,924,945,8,,changing,0.007,126,2
2252,925,946,8,,changing,0.007,126,2
2253,926,947,8,,changing,0.007,126,2
2254,927,948,8,,changing,0.007,126,2
2255,928,949,8,,changing,0.007,126,2
2256,929,950,8,,changing,0.007,126,2
2257,930,951,8,,changing,0.007,126,2
2258,931,952,8,,changing,0.007,126,2
2259,932,953,8,,changing,0.007,126,2
2260,933,954,8,,changing,0.007,126,2
2261,934,955,8,,changing,0.007,126,2
2262,935,956,8,,changing,0.007,126,2
2263,936,957,8,,changing,0.007,126,2
2264,937,958,8,,changing,0.007,126,2
2265,938,959,8,,changing,0.007,126,2
2266,942,963,8,,changing,0.007,126,2
2267,943,964,8,,changing,0.007,126,2
2268,944,965,8,,changing,0.007,126,2
2269,945,966,8,,changing,0.007,126,2
2270,946,967,8,,changing,0.007,126,2
2271,947,968,8,,changing,0.007,126,2
2272,948,969,8,,changing,0.007,126,2
2273,949,970,8,,changing,0.007,126,2
2274,950,971,8,,changing,0.007,126,2
2275,951,972,8,,changing,0.007,126,2
2276,952,973,8,,changing,0.007,126,2
2277,953,974,8,,changing,0.007,126,2
2278,954,975,8,,changing,0.007,126,2
2279,955,976,8,,changing,0.007,126,2
2280,956,977,8,,changing,0.007,126,2
2281,957,978,8,,changing,0.007,126,2
2282,958,979,8,,changing,0.007,126,2
2283,962,983,8,,changing,0.007,126,2
2284,963,984,8,,changing,0.007,126,2
2285,964,985,8,,changing,0.007,126,2
2286,965,986,8,,changing,0.007,126,2
2287,966,987,8,,changing,0.007,126,2
2288,967,988,8,,changing,0.007,126,2
2289,968,989,8,,changing,0.007,126,2
2290,969,990,8,,changing,0.007,126,2
2291,970,991,8,,changing,0.007,126,2
2292,971,992,8,,changing,0.007,126,2
2293,972,993,8,,changing,0.007,126,2
2294,973,994,8,,changing,0.007,126,2
2295,974,995,8,,changing,0.007,126,2
2296,975,996,8,,changing,0.007,126,2
2297,976,997,8,,changing,0.007,126,2
2298,977,998,8,,changing,0.007,126,2
2299,978,999,8,,changing,0.007,126,2
2300,922,903,8,,changing,0.007,126,2
2301,923,904,8,,changing,0.007,126,2
2302,924,905,8,,changing,0.007,126,2
2303,925,906,8,,changing,0.007,126,2
2304,926,907,8,,changing,0.007,126,2
2305,927,908,8,,changing,0.007,126,2
2306,928,909,8,,changing,0.007,126,2
2307,929,910,8,,changing,0.007,126,2
2308,930,911,8,,changing,0.007,126,2
2309,931,912,8,,changing,0.007,126,2
2310,932,913,8,,changing,0.007,126,2
2311,933,914,8,,changing,0.007,126,2
2312,934,915,8,,changing,0.007,126,2
2313,935,916,8,,changing,0.007,126,2
2314,936,917,8,,changing,0.007,126,2
2315,937,918,8,,changing,0.007,126,2
2316,938,919,8,,changing,0.007,126,2
2317,942,923,8,,changing,0.007,126,2
2318,943,924,8,,changing,0.007,126,2
2319,944,925,8,,changing,0.007,126,2
2320,945,926,8,,changing,0.007,126,2
2321,946,927,8,,changing,0.007,126,2
2322,947,928,8,,changing,0.007,126,2
2323,948,929,8,,changing,0.007,126,2
2324,949,930,8,,changing,0.007,126,2
2325,950,931,8,,changing,0.007,126,2
2326,951,932,8,,changing,0.007,126,2
2327,952,933,8,,changing,0.007,126,2
2328,953,934,8,,changing,0.007,126,2
2329,954,935,8,,changing,0.007,126,2
2330,955,936,8,,changing,0.007,126,2
2331,956,937,8,,changing,0.007,126,2
2332,957,938,8,,changing,0.007,126,2
2333,958,939,8,,changing,0.007,126,2
2334,962,943,8,,changing,0.007,126,2
2335,963,944,8,,changing,0.007,126,2
2336,964,945,8,,changing,0.007,126,2
2337,965,946,8,,changing,0.007,126,2
2338,966,947,8,,changing,0.007,126,2
2339,967,948,8,,changing,0.007,126,2
2340,968,949,8,,changing,0.007,126,2
2341,969,950,8,,changing,0.007,126,2
2342,970,951,8,,changing,0.007,126,2
2343,971,952,8,,changing,0.007,126,2
2344,972,953,8,,changing,0.007,126,2
2345,973,954,8,,changing,0.007,126,2
2346,974,955,8,,changing,0.007,126,2
2347,975,956,8,,changing,0.007,126,2
2348,976,957,8,,changing,0.007,126,2
2349,977,958,8,,changing,0.007,126,2
2350,978,959,8,,changing,0.007,126,2
2351,982,963,8,,changing,0.007,126,2
2352,983,964,8,,changing,0.007,126,2
2353,984,965,8,,changing,0.007,126,2
2354,985,966,8,,changing,0.007,126,2
2355,986,967,8,,changing,0.007,126,2
2356,987,968,8,,changing,0.007,126,2
2357,988,969,8,,changing,0.007,126,2
2358,989,970,8,,changing,0.007,126,2
2359,990,971,8,,changing,0.007,126,2
2360,991,972,8,,changing,0.007,126,2
2361,992,973,8,,changing,0.007,126,2
2362,993,974,8,,changing,0.007,126,2
2363,994,975,8,,changing,0.007,126,2
2364,995,976,8,,changing,0.007,126,2
2365,996,977,8,,changing,0.007,126,2
2366,997,978,8,,changing,0.007,126,2
2367,998,979,8,,changing,0.007,126,2
2368,59,1000,2,,turning,0.007,126,1
2369,1000,1001,2,,turning,0.007,126,1
2370,1001,1002,2,,turning,0.007,126,1
2371,1002,1003,2,,turning,0.007,126,1
2372,1003,1004,2,,turning,0.007,126,1
2373,1004,1005,2,,turning,0.007,126,1
2374,1005,1006,2,,turning,0.007,126,1
2375,1006,1007,2,,turning,0.007,126,1
2376,1007,180,2,,turning,0.007,126,1
2377,89,1008,2,,turning,0.007,126,1
2378,1008,1009,2,,turning,0.007,126,1
2379,1009,1010,2,,turning,0.007,126,1
2380,1010,1011,2,,turning,0.007,126,1
2381,1011,1012,2,,turning,0.007,126,1
2382,1012,1013,2,,turning,0.007,126,1
2383,1013,1014,2,,turning,0.007,126,1
2384,1014,1015,2,,turning,0.007,126,1
2385,1015,210,2,,turning,0.007,126,1
2386,119,1016,2,,turning,0.007,126,1
2387,1016,1017,2,,turning,0.007,126,1
2388,1017,1018,2,,turning,0.007,126,1
2389,1018,1019,2,,turning,0.007,126,1
2390,1019,1020,2,,turning,0.007,126,1
2391,1020,1021,2,,turning,0.007,126,1
2392,1021,1022,2,,turning,0.007,126,1
2393,1022,1023,2,,turning,0.007,126,1
2394,1023,240,2,,turning,0.007,126,1
2395,149,1024,6,,turning,0.007,126,1
2396,1024,1033,6,,turning,0.007,126,1
2397,1033,1042,6,,turning,0.007,126,1
2398,1042,1051,6,,turning,0.007,126,1
2399,1051,1060,6,,turning,0.007,126,1
2400,1060,780,6,,turning,0.007,126,1
2401,419,1063,4,,turning,0.007,126,1
2402,1063,1062,4,,turning,0.007,126,1
2403,1062,1061,4,,turning,0.007,126,1
2404,1061,1060,4,,turning,0.007,126,1
2405,1060,1059,4,,turning,0.007,126,1
2406,1059,1058,4,,turning,0.007,126,1
2407,1058,1057,4,,turning,0.007,126,1
2408,1057,1056,4,,turning,0.007,126,1
2409,1056,540,4,,turning,0.007,126,1
2410,389,1055,4,,turning,0.007,126,1
2411,1055,1054,4,,turning,0.007,126,1
2412,1054,1053,4,,turning,0.007,126,1
2413,1053,1052,4,,turning,0.007,126,1
2414,1052,1051,4,,turning,0.007,126,1
2415,1051,1050,4,,turning,0.007,126,1
2416,1050,1049,4,,turning,0.007,126,1
2417,1049,1048,4,,turning,0.007,126,1
2418,1048,510,4,,turning,0.007,126,1
2419,359,1047,4,,turning,0.007,126,1
2420,1047,1046,4,,turning,0.007,126,1
2421,1046,1045,4,,turning,0.007,126,1
2422,1045,1044,4,,turning,0.007,126,1
2423,1044,1043,4,,turning,0.007,126,1
2424,1043,1042,4,,turning,0.007,126,1
2425,1042,1041,4,,turning,0.007,126,1
2426,1041,1040,4,,turning,0.007,126,1
2427,1040,480,4,,turning,0.007,126,1
2428,329,1039,8,,turning,0.007,126,1
2429,1039,1030,8,,turning,0.007,126,1
2430,1030,1021,8,,turning,0.007,126,1
2431,1021,1012,8,,turning,0.007,126,1
2432,1012,1003,8,,turning,0.007,126,1
2433,1003,900,8,,turning,0.007,126,1
2434,639,1007,6,,turning,0.007,126,1
2435,1007,1015,6,,turning,0.007,126,1
2436,1015,1023,6,,turning,0.007,126,1
2437,1023,1031,6,,turning,0.007,126,1
2438,1031,1039,6,,turning,0.007,126,1
2439,1039,1047,6,,turning,0.007,126,1
2440,1047,1055,6,,turning,0.007,126,1
2441,1055,1063,6,,turning,0.007,126,1
2442,1063,720,6,,turning,0.007,126,1
2443,659,1006,6,,turning,0.007,126,1
2444,1006,1014,6,,turning,0.007,126,1
2445,1014,1022,6,,turning,0.007,126,1
2446,1022,1030,6,,turning,0.007,126,1
2447,1030,1038,6,,turning,0.007,126,1
2448,1038,1046,6,,turning,0.007,126,1
2449,1046,1054,6,,turning,0.007,126,1
2450,1054,1062,6,,turning,0.007,126,1
2451,1062,740,6,,turning,0.007,126,1
2452,679,1005,6,,turning,0.007,126,1
2453,1005,1013,6,,turning,0.007,126,1
2454,1013,1021,6,,turning,0.007,126,1
2455,1021,1029,6,,turning,0.007,126,1
2456,1029,1037,6,,turning,0.007,126,1
2457,1037,1045,6,,turning,0.007,126,1
2458,1045,1053,6,,turning,0.007,126,1
2459,1053,1061,6,,turning,0.007,126,1
2460,1061,760,6,,turning,0.007,126,1
2461,699,1004,4,,turning,0.007,126,1
2462,1004,1011,4,,turning,0.007,126,1
2463,1011,1018,4,,turning,0.007,126,1
2464,1018,1025,4,,turning,0.007,126,1
2465,1025,1032,4,,turning,0.007,126,1
2466,1032,450,4,,turning,0.007,126,1
2467,879,1056,8,,turning,0.007,126,1
2468,1056,1048,8,,turning,0.007,126,1
2469,1048,1040,8,,turning,0.007,126,1
2470,1040,1032,8,,turning,0.007,126,1
2471,1032,1024,8,,turning,0.007,126,1
2472,1024,1016,8,,turning,0.007,126,1
2473,1016,1008,8,,turning,0.007,126,1
2474,1008,1000,8,,turning,0.007,126,1
2475,1000,960,8,,turning,0.007,126,1
2476,859,1057,8,,turning,0.007,126,1
2477,1057,1049,8,,turning,0.007,126,1
2478,1049,1041,8,,turning,0.007,126,1
2479,1041,1033,8,,turning,0.007,126,1
2480,1033,1025,8,,turning,0.007,126,1
2481,1025,1017,8,,turning,0.007,126,1
2482,1017,1009,8,,turning,0.007,126,1
2483,1009,1001,8,,turning,0.007,126,1
2484,1001,940,8,,turning,0.007,126,1
2485,839,1058,8,,turning,0.007,126,1
2486,1058,1050,8,,turning,0.007,126,1
2487,1050,1042,8,,turning,0.007,126,1
2488,1042,1034,8,,turning,0.007,126,1
2489,1034,1026,8,,turning,0.007,126,1
2490,1026,1018,8,,turning,0.007,126,1
2491,1018,1010,8,,turning,0.007,126,1
2492,1010,1002,8,,turning,0.007,126,1
2493,1002,920,8,,turning,0.007,126,1
2494,819,1059,2,,turning,0.007,126,1
2495,1059,1052,2,,turning,0.007,126,1
2496,1052,1045,2,,turning,0.007,126,1
2497,1045,1038,2,,turning,0.007,126,1
2498,1038,1031,2,,turning,0.007,126,1
2499,1031,270,2,,turning,0.007,126,1
