from_zone_id,to_zone_id,number_of_trips_demand_type1
2,0,103
2,1,58
2,3,30
2,4,38
2,5,44
2,7,133
2,8,58
2,9,57
2,11,35
2,13,105
2,15,34
2,16,46
2,17,61
2,18,61
2,19,88
2,21,44
2,22,43
2,25,76
2,27,256
2,28,34
2,29,47
2,30,56
2,31,148
2,34,179
2,36,145
2,37,42
2,38,49
2,40,6
2,41,171
2,42,67
2,43,63
2,44,55
2,45,8
2,46,10
2,47,172
2,48,150
2,50,60
2,51,239
2,53,51
2,54,43
2,55,51
2,56,157
2,57,97
2,59,69
2,60,20
2,61,54
2,62,74
2,63,15
2,64,96
2,66,71
2,67,13
2,69,56
2,70,138
2,71,35
2,72,134
2,73,64
2,74,38
2,75,36
2,76,32
2,77,8
2,78,118
2,79,32
2,82,19
2,83,69
2,85,57
2,87,121
2,88,221
2,89,57
2,90,222
2,91,18
2,92,34
2,94,58
2,95,50
2,96,58
2,97,25
2,98,217
2,99,26
2,100,9
2,101,9
2,102,56
2,103,76
2,105,44
2,106,35
2,107,171
2,108,30
2,110,34
2,111,8
2,112,35
2,113,95
2,115,181
2,116,59
2,117,41
4,0,54
4,1,35
4,2,84
4,3,19
4,5,12
4,7,73
4,8,20
4,9,21
4,11,11
4,13,54
4,15,15
4,16,20
4,17,26
4,18,26
4,19,63
4,21,5
4,22,6
4,25,51
4,27,127
4,28,18
4,29,79
4,30,111
4,31,70
4,34,126
4,36,75
4,37,13
4,38,9
4,40,30
4,41,50
4,42,36
4,43,26
4,44,16
4,45,25
4,46,26
4,47,21
4,48,42
4,50,25
4,51,96
4,53,11
4,54,6
4,55,11
4,56,51
4,57,41
4,59,58
4,60,24
4,61,74
4,62,96
4,63,28
4,64,17
4,66,94
4,67,19
4,69,15
4,70,22
4,71,5
4,72,17
4,73,32
4,74,1
4,75,2
4,76,19
4,77,34
4,78,50
4,79,10
4,82,51
4,83,42
4,85,52
4,87,110
4,88,62
4,89,17
4,90,147
4,91,24
4,92,15
4,94,20
4,95,10
4,96,20
4,97,101
4,98,53
4,99,130
4,100,34
4,101,34
4,102,15
4,103,56
4,105,6
4,106,7
4,107,51
4,108,133
4,110,7
4,111,25
4,112,18
4,113,20
4,115,137
4,116,22
4,117,4
6,0,39
6,1,8
6,2,44
6,3,14
6,4,7
6,5,4
6,7,13
6,8,1
6,9,1
6,11,6
6,13,39
6,15,12
6,16,5
6,17,2
6,18,3
6,19,17
6,21,7
6,22,8
6,25,12
6,27,19
6,28,13
6,29,46
6,30,63
6,31,51
6,34,33
6,36,12
6,37,5
6,38,7
6,40,15
6,41,9
6,42,26
6,43,14
6,44,3
6,45,15
6,46,15
6,47,29
6,48,8
6,50,2
6,51,6
6,53,5
6,54,8
6,55,5
6,56,5
6,57,36
6,59,18
6,60,15
6,61,45
6,62,59
6,63,16
6,64,14
6,66,58
6,67,12
6,69,4
6,70,21
6,71,9
6,72,34
6,73,5
6,74,7
6,75,8
6,76,14
6,77,17
6,78,4
6,79,11
6,82,30
6,83,9
6,85,17
6,87,35
6,88,11
6,89,3
6,90,35
6,91,15
6,92,12
6,94,2
6,95,5
6,96,1
6,97,49
6,98,19
6,99,63
6,100,17
6,101,17
6,102,4
6,103,15
6,105,8
6,106,10
6,107,8
6,108,65
6,110,10
6,111,15
6,112,13
6,113,28
6,115,38
6,116,1
6,117,8
7,0,54
7,1,4
7,2,50
7,3,18
7,4,13
7,5,9
7,8,7
7,9,7
7,11,10
7,13,54
7,15,17
7,16,6
7,17,5
7,18,5
7,19,10
7,21,13
7,22,13
7,25,6
7,27,8
7,28,18
7,29,56
7,30,75
7,31,72
7,34,20
7,36,5
7,37,9
7,38,13
7,40,17
7,41,28
7,42,36
7,43,20
7,44,9
7,45,17
7,46,18
7,47,52
7,48,25
7,50,5
7,51,21
7,53,11
7,54,13
7,55,11
7,56,21
7,57,50
7,59,13
7,60,19
7,61,56
7,62,74
7,63,19
7,64,26
7,66,73
7,67,15
7,69,11
7,70,39
7,71,14
7,72,53
7,73,3
7,74,13
7,75,13
7,76,18
7,77,18
7,78,9
7,79,15
7,82,35
7,83,3
7,85,13
7,87,27
7,88,36
7,89,10
7,90,16
7,91,19
7,92,17
7,94,8
7,95,11
7,96,8
7,97,53
7,98,44
7,99,70
7,100,18
7,101,18
7,102,11
7,103,10
7,105,13
7,106,15
7,107,27
7,108,71
7,110,14
7,111,17
7,112,18
7,113,42
7,115,26
7,116,7
7,117,13
8,0,38
8,1,9
8,2,44
8,3,13
8,4,7
8,5,4
8,7,14
8,9,1
8,11,6
8,13,38
8,15,12
8,16,5
8,17,3
8,18,3
8,19,17
8,21,7
8,22,7
8,25,13
8,27,21
8,28,13
8,29,46
8,30,62
8,31,50
8,34,34
8,36,13
8,37,5
8,38,6
8,40,15
8,41,7
8,42,26
8,43,14
8,44,2
8,45,14
8,46,15
8,47,27
8,48,7
8,50,3
8,51,8
8,53,5
8,54,7
8,55,5
8,56,5
8,57,36
8,59,18
8,60,15
8,61,44
8,62,58
8,63,16
8,64,13
8,66,57
8,67,12
8,69,4
8,70,20
8,71,9
8,72,33
8,73,6
8,74,7
8,75,8
8,76,13
8,77,17
8,78,6
8,79,10
8,82,29
8,83,10
8,85,17
8,87,36
8,88,9
8,89,3
8,90,37
8,91,15
8,92,12
8,94,1
8,95,5
8,96,1
8,97,49
8,98,16
8,99,63
8,100,17
8,101,17
8,102,4
8,103,16
8,105,7
8,106,9
8,107,6
8,108,65
8,110,9
8,111,14
8,112,13
8,113,27
8,115,40
8,116,1
8,117,7
9,0,39
9,1,8
9,2,43
9,3,14
9,4,7
9,5,4
9,7,13
9,8,1
9,11,6
9,13,38
9,15,12
9,16,4
9,17,2
9,18,3
9,19,17
9,21,7
9,22,8
9,25,12
9,27,18
9,28,13
9,29,45
9,30,62
9,31,50
9,34,33
9,36,12
9,37,4
9,38,6
9,40,15
9,41,9
9,42,26
9,43,13
9,44,3
9,45,14
9,46,15
9,47,29
9,48,7
9,50,2
9,51,6
9,53,5
9,54,7
9,55,5
9,56,4
9,57,35
9,59,18
9,60,15
9,61,44
9,62,58
9,63,16
9,64,14
9,66,57
9,67,12
9,69,5
9,70,21
9,71,9
9,72,33
9,73,5
9,74,7
9,75,8
9,76,13
9,77,16
9,78,4
9,79,10
9,82,29
9,83,9
9,85,16
9,87,34
9,88,11
9,89,3
9,90,35
9,91,15
9,92,12
9,94,2
9,95,5
9,96,2
9,97,48
9,98,19
9,99,62
9,100,16
9,101,16
9,102,4
9,103,15
9,105,8
9,106,9
9,107,8
9,108,63
9,110,9
9,111,14
9,112,13
9,113,27
9,115,38
9,116,1
9,117,8
10,0,36
10,1,8
10,2,39
10,3,12
10,4,6
10,5,3
10,7,14
10,8,2
10,9,2
10,11,5
10,13,35
10,15,11
10,16,3
10,17,3
10,18,3
10,19,17
10,21,6
10,22,7
10,25,13
10,27,20
10,28,12
10,29,42
10,30,57
10,31,47
10,34,33
10,36,14
10,37,3
10,38,6
10,40,14
10,41,9
10,42,24
10,43,11
10,44,3
10,45,13
10,46,13
10,47,25
10,48,5
10,50,3
10,51,10
10,53,5
10,54,7
10,55,5
10,56,2
10,57,30
10,59,17
10,60,14
10,61,40
10,62,53
10,63,14
10,64,13
10,66,52
10,67,11
10,69,4
10,70,19
10,71,8
10,72,29
10,73,5
10,74,6
10,75,7
10,76,12
10,77,15
10,78,5
10,79,9
10,82,27
10,83,10
10,85,16
10,87,33
10,88,11
10,89,3
10,90,35
10,91,13
10,92,11
10,94,2
10,95,4
10,96,2
10,97,44
10,98,18
10,99,57
10,100,15
10,101,15
10,102,4
10,103,15
10,105,7
10,106,8
10,107,9
10,108,58
10,110,8
10,111,13
10,112,12
10,113,24
10,115,38
10,116,2
10,117,7
12,0,109
12,1,6
12,2,99
12,3,37
12,4,25
12,5,18
12,7,3
12,8,15
12,9,14
12,11,19
12,13,109
12,15,34
12,16,12
12,17,10
12,18,10
12,19,19
12,21,26
12,22,27
12,25,11
12,27,20
12,28,36
12,29,112
12,30,150
12,31,145
12,34,38
12,36,12
12,37,17
12,38,25
12,40,33
12,41,58
12,42,72
12,43,39
12,44,19
12,45,34
12,46,35
12,47,106
12,48,51
12,50,11
12,51,44
12,53,23
12,54,27
12,55,23
12,56,45
12,57,101
12,59,24
12,60,37
12,61,111
12,62,147
12,63,38
12,64,53
12,66,145
12,67,30
12,69,22
12,70,80
12,71,27
12,72,108
12,73,6
12,74,25
12,75,26
12,76,36
12,77,36
12,78,20
12,79,31
12,82,70
12,83,5
12,85,24
12,87,51
12,88,75
12,89,20
12,90,29
12,91,37
12,92,34
12,94,16
12,95,23
12,96,16
12,97,105
12,98,91
12,99,138
12,100,35
12,101,35
12,102,22
12,103,17
12,105,27
12,106,29
12,107,56
12,108,139
12,110,29
12,111,34
12,112,37
12,113,85
12,115,49
12,116,14
12,117,27
13,0,1
13,1,18
13,2,27
13,3,2
13,4,6
13,5,10
13,7,36
13,8,13
13,9,13
13,11,9
13,15,2
13,16,13
13,17,15
13,18,15
13,19,26
13,21,7
13,22,6
13,25,23
13,27,66
13,28,1
13,29,18
13,30,26
13,31,3
13,34,53
13,36,37
13,37,10
13,38,8
13,40,10
13,41,33
13,42,1
13,43,18
13,44,11
13,45,7
13,46,7
13,47,24
13,48,32
13,50,15
13,51,56
13,53,9
13,54,6
13,55,9
13,56,35
13,57,25
13,59,24
13,60,5
13,61,15
13,62,19
13,63,7
13,64,14
13,66,19
13,67,7
13,69,10
13,70,19
13,71,5
13,72,19
13,73,17
13,74,6
13,75,6
13,76,1
13,77,11
13,78,29
13,79,3
13,82,14
13,83,20
13,85,21
13,87,44
13,88,43
13,89,11
13,90,66
13,91,5
13,92,2
13,94,13
13,95,9
13,96,13
13,97,32
13,98,38
13,99,41
13,100,11
13,101,11
13,102,10
13,103,24
13,105,6
13,106,4
13,107,34
13,108,42
13,110,4
13,111,7
13,112,1
13,113,12
13,115,56
13,116,13
13,117,6
14,0,51
14,1,36
14,2,80
14,3,18
14,4,2
14,5,13
14,7,74
14,8,22
14,9,22
14,11,12
14,13,50
14,15,14
14,16,20
14,17,27
14,18,27
14,19,63
14,21,6
14,22,6
14,25,51
14,27,131
14,28,17
14,29,75
14,30,105
14,31,67
14,34,127
14,36,77
14,37,13
14,38,11
14,40,29
14,41,54
14,42,34
14,43,25
14,44,17
14,45,24
14,46,24
14,47,25
14,48,45
14,50,26
14,51,101
14,53,12
14,54,6
14,55,13
14,56,55
14,57,36
14,59,58
14,60,23
14,61,70
14,62,91
14,63,26
14,64,20
14,66,88
14,67,17
14,69,16
14,70,25
14,71,3
14,72,12
14,73,33
14,74,2
14,75,1
14,76,17
14,77,33
14,78,52
14,79,9
14,82,49
14,83,43
14,85,52
14,87,109
14,88,68
14,89,18
14,90,148
14,91,22
14,92,14
14,94,21
14,95,12
14,96,21
14,97,98
14,98,58
14,99,125
14,100,33
14,101,33
14,102,16
14,103,56
14,105,7
14,106,6
14,107,55
14,108,128
14,110,5
14,111,24
14,112,17
14,113,16
14,115,137
14,116,23
14,117,5
15,0,4
15,1,17
15,2,26
15,3,2
15,4,5
15,5,9
15,7,34
15,8,12
15,9,12
15,11,8
15,13,4
15,16,11
15,17,14
15,18,14
15,19,25
15,21,6
15,22,5
15,25,22
15,27,62
15,28,2
15,29,18
15,30,27
15,31,5
15,34,51
15,36,35
15,37,9
15,38,7
15,40,10
15,41,30
15,42,3
15,43,16
15,44,10
15,45,7
15,46,7
15,47,19
15,48,28
15,50,13
15,51,52
15,53,8
15,54,5
15,55,8
15,56,32
15,57,21
15,59,23
15,60,5
15,61,16
15,62,20
15,63,7
15,64,12
15,66,20
15,67,6
15,69,9
15,70,16
15,71,4
15,72,14
15,73,16
15,74,5
15,75,5
15,76,2
15,77,11
15,78,26
15,79,2
15,82,14
15,83,19
15,85,20
15,87,43
15,88,39
15,89,10
15,90,62
15,91,5
15,92,1
15,94,11
15,95,8
15,96,12
15,97,32
15,98,34
15,99,40
15,100,11
15,101,11
15,102,9
15,103,23
15,105,5
15,106,3
15,107,31
15,108,41
15,110,3
15,111,7
15,112,2
15,113,9
15,115,54
15,116,12
15,117,5
17,0,173
17,1,24
17,2,181
17,3,59
17,4,34
17,5,20
17,7,36
17,8,11
17,9,8
17,11,26
17,13,172
17,15,53
17,16,16
17,18,1
17,19,57
17,21,34
17,22,36
17,25,41
17,27,41
17,28,58
17,29,195
17,30,264
17,31,228
17,34,115
17,36,33
17,37,20
17,38,32
17,40,60
17,41,56
17,42,115
17,43,59
17,44,18
17,45,60
17,46,62
17,47,143
17,48,48
17,50,1
17,51,10
17,53,26
17,54,36
17,55,27
17,56,35
17,57,158
17,59,63
17,60,63
17,61,190
17,62,251
17,63,66
17,64,69
17,66,247
17,67,51
17,69,24
17,70,106
17,71,40
17,72,156
17,73,10
17,74,34
17,75,36
17,76,58
17,77,67
17,78,3
17,79,46
17,82,123
17,83,29
17,85,60
17,87,127
17,88,73
17,89,19
17,90,116
17,91,62
17,92,53
17,94,13
17,95,26
17,96,12
17,97,198
17,98,104
17,99,258
17,100,66
17,101,66
17,102,24
17,103,53
17,105,36
17,106,43
17,107,54
17,108,262
17,110,42
17,111,60
17,112,58
17,113,127
17,115,137
17,116,8
17,117,36
18,0,44
18,1,6
18,2,46
18,3,15
18,4,9
18,5,5
18,7,9
18,8,3
18,9,3
18,11,7
18,13,44
18,15,14
18,16,4
18,17,1
18,19,15
18,21,9
18,22,10
18,25,10
18,27,10
18,28,15
18,29,49
18,30,67
18,31,58
18,34,29
18,36,8
18,37,6
18,38,8
18,40,16
18,41,15
18,42,29
18,43,15
18,44,5
18,45,15
18,46,16
18,47,37
18,48,13
18,50,1
18,51,3
18,53,7
18,54,9
18,55,7
18,56,9
18,57,40
18,59,16
18,60,16
18,61,48
18,62,64
18,63,17
18,64,18
18,66,63
18,67,13
18,69,7
18,70,27
18,71,10
18,72,40
18,73,3
18,74,9
18,75,9
18,76,15
18,77,17
18,78,1
18,79,12
18,82,31
18,83,7
18,85,15
18,87,32
18,88,19
18,89,5
18,90,29
18,91,16
18,92,14
18,94,4
18,95,7
18,96,4
18,97,50
18,98,27
18,99,65
18,100,17
18,101,17
18,102,6
18,103,13
18,105,10
18,106,11
18,107,14
18,108,66
18,110,11
18,111,15
18,112,15
18,113,32
18,115,34
18,116,2
18,117,10
19,0,78
19,1,10
19,2,66
19,3,26
19,4,21
19,5,18
19,7,20
19,8,17
19,9,17
19,11,18
19,13,78
19,15,25
19,16,15
19,17,15
19,18,15
19,21,22
19,22,22
19,25,5
19,27,47
19,28,26
19,29,76
19,30,100
19,31,105
19,34,1
19,36,23
19,37,17
19,38,22
19,40,22
19,41,57
19,42,52
19,43,35
19,44,19
19,45,23
19,46,24
19,47,88
19,48,53
19,50,15
19,51,60
19,53,21
19,54,22
19,55,21
19,56,50
19,57,81
19,59,8
19,60,26
19,61,76
19,62,101
19,63,25
19,64,45
19,66,100
19,67,22
19,69,20
19,70,67
19,71,22
19,72,87
19,73,12
19,74,21
19,75,21
19,76,26
19,77,23
19,78,29
19,79,24
19,82,48
19,83,8
19,85,11
19,87,21
19,88,75
19,89,19
19,90,14
19,91,25
19,92,25
19,94,18
19,95,21
19,96,18
19,97,67
19,98,82
19,99,89
19,100,23
19,101,23
19,102,20
19,103,4
19,105,22
19,106,23
19,107,56
19,108,89
19,110,23
19,111,23
19,112,26
19,113,67
19,115,8
19,116,16
19,117,22
20,0,35
20,1,8
20,2,40
20,3,12
20,4,6
20,5,3
20,7,14
20,8,2
20,9,2
20,11,5
20,13,35
20,15,11
20,16,4
20,17,3
20,18,3
20,19,17
20,21,6
20,22,7
20,25,13
20,27,21
20,28,12
20,29,42
20,30,57
20,31,46
20,34,34
20,36,14
20,37,3
20,38,6
20,40,14
20,41,8
20,42,24
20,43,11
20,44,3
20,45,13
20,46,14
20,47,25
20,48,4
20,50,3
20,51,10
20,53,4
20,54,6
20,55,4
20,56,1
20,57,30
20,59,17
20,60,14
20,61,41
20,62,53
20,63,15
20,64,12
20,66,52
20,67,11
20,69,4
20,70,18
20,71,8
20,72,29
20,73,6
20,74,6
20,75,7
20,76,12
20,77,15
20,78,6
20,79,9
20,82,27
20,83,10
20,85,16
20,87,34
20,88,9
20,89,3
20,90,36
20,91,13
20,92,11
20,94,2
20,95,4
20,96,2
20,97,45
20,98,16
20,99,58
20,100,15
20,101,15
20,102,4
20,103,15
20,105,7
20,106,8
20,107,7
20,108,59
20,110,8
20,111,13
20,112,12
20,113,24
20,115,39
20,116,2
20,117,7
21,0,39
21,1,25
21,2,65
21,3,14
21,4,4
21,5,9
21,7,50
21,8,13
21,9,14
21,11,10
21,13,38
21,15,11
21,16,15
21,17,17
21,18,17
21,19,43
21,22,2
21,25,35
21,27,86
21,28,13
21,29,60
21,30,84
21,31,49
21,34,87
21,36,50
21,37,10
21,38,3
21,40,24
21,41,28
21,42,26
21,43,23
21,44,9
21,45,20
21,46,20
21,47,5
21,48,27
21,50,17
21,51,63
21,53,5
21,54,1
21,55,5
21,56,33
21,57,40
21,59,41
21,60,18
21,61,56
21,62,74
21,63,21
21,64,5
21,66,72
21,67,16
21,69,8
21,70,6
21,71,5
21,72,21
21,73,22
21,74,4
21,75,4
21,76,14
21,77,26
21,78,33
21,79,8
21,82,40
21,83,29
21,85,37
21,87,78
21,88,36
21,89,10
21,90,101
21,91,18
21,92,11
21,94,12
21,95,5
21,96,12
21,97,77
21,98,26
21,99,99
21,100,26
21,101,26
21,102,8
21,103,39
21,105,2
21,106,6
21,107,29
21,108,101
21,110,6
21,111,20
21,112,13
21,113,20
21,115,95
21,116,14
21,117,2
23,0,106
23,1,7
23,2,100
23,3,36
23,4,24
23,5,16
23,7,3
23,8,13
23,9,12
23,11,18
23,13,106
23,15,33
23,16,12
23,17,8
23,18,8
23,19,21
23,21,24
23,22,25
23,25,13
23,27,11
23,28,36
23,29,111
23,30,150
23,31,141
23,34,43
23,36,8
23,37,16
23,38,24
23,40,33
23,41,52
23,42,71
23,43,38
23,44,17
23,45,34
23,46,35
23,47,100
23,48,46
23,50,9
23,51,36
23,53,21
23,54,25
23,55,21
23,56,40
23,57,99
23,59,26
23,60,37
23,61,110
23,62,146
23,63,38
23,64,50
23,66,143
23,67,30
23,69,20
23,70,75
23,71,26
23,72,104
23,73,3
23,74,24
23,75,24
23,76,36
23,77,36
23,78,16
23,79,30
23,82,70
23,83,7
23,85,26
23,87,55
23,88,68
23,89,18
23,90,36
23,91,36
23,92,33
23,94,14
23,95,21
23,96,14
23,97,107
23,98,83
23,99,140
23,100,36
23,101,36
23,102,20
23,103,20
23,105,26
23,106,28
23,107,51
23,108,141
23,110,28
23,111,34
23,112,36
23,113,82
23,115,54
23,116,12
23,117,25
24,0,141
24,1,30
24,2,156
24,3,48
24,4,24
24,5,10
24,7,54
24,8,7
24,9,5
24,11,18
24,13,140
24,15,43
24,16,12
24,17,11
24,18,12
24,19,65
24,21,23
24,22,26
24,25,48
24,27,79
24,28,47
24,29,166
24,30,226
24,31,186
24,34,131
24,36,54
24,37,11
24,38,22
24,40,53
24,41,35
24,42,94
24,43,43
24,44,11
24,45,51
24,46,52
24,47,101
24,48,17
24,50,10
24,51,36
24,53,17
24,54,25
24,55,17
24,56,5
24,57,120
24,59,67
24,60,53
24,61,161
24,62,212
24,63,57
24,64,50
24,66,208
24,67,42
24,69,16
24,70,75
24,71,29
24,72,115
24,73,20
24,74,24
24,75,25
24,76,48
24,77,60
24,78,20
24,79,36
24,82,105
24,83,37
24,85,61
24,87,131
24,88,41
24,89,12
24,90,139
24,91,52
24,92,43
24,94,8
24,95,17
24,96,8
24,97,176
24,98,70
24,99,228
24,100,59
24,101,59
24,102,16
24,103,59
24,105,26
24,106,32
24,107,33
24,108,232
24,110,32
24,111,51
24,112,47
24,113,95
24,115,150
24,116,7
24,117,26
26,0,67
26,1,6
26,2,57
26,3,22
26,4,17
26,5,14
26,7,12
26,8,13
26,9,12
26,11,14
26,13,67
26,15,22
26,16,11
26,17,11
26,18,11
26,19,5
26,21,18
26,22,18
26,25,1
26,27,31
26,28,23
26,29,66
26,30,87
26,31,90
26,34,9
26,36,15
26,37,13
26,38,18
26,40,19
26,41,45
26,42,45
26,43,27
26,44,15
26,45,20
26,46,21
26,47,72
26,48,41
26,50,11
26,51,43
26,53,17
26,54,18
26,55,17
26,56,38
26,57,66
26,59,9
26,60,22
26,61,66
26,62,87
26,63,22
26,64,37
26,66,86
26,67,19
26,69,16
26,70,55
26,71,18
26,72,71
26,73,8
26,74,17
26,75,17
26,76,23
26,77,20
26,78,21
26,79,20
26,82,41
26,83,4
26,85,10
26,87,20
26,88,58
26,89,15
26,90,2
26,91,22
26,92,22
26,94,14
26,95,17
26,96,14
26,97,59
26,98,66
26,99,77
26,100,20
26,101,20
26,102,16
26,103,4
26,105,18
26,106,19
26,107,44
26,108,78
26,110,19
26,111,20
26,112,23
26,113,55
26,115,15
26,116,12
26,117,18
27,0,50
27,1,5
27,2,48
27,3,17
27,4,11
27,5,7
27,7,4
27,8,6
27,9,5
27,11,8
27,13,50
27,15,16
27,16,5
27,17,3
27,18,3
27,19,12
27,21,11
27,22,12
27,25,8
27,28,17
27,29,53
27,30,72
27,31,66
27,34,24
27,36,5
27,37,7
27,38,11
27,40,16
27,41,22
27,42,33
27,43,18
27,44,8
27,45,17
27,46,17
27,47,45
27,48,19
27,50,3
27,51,13
27,53,9
27,54,12
27,55,9
27,56,16
27,57,46
27,59,14
27,60,18
27,61,53
27,62,70
27,63,18
27,64,23
27,66,68
27,67,15
27,69,9
27,70,34
27,71,12
27,72,48
27,73,1
27,74,11
27,75,11
27,76,17
27,77,18
27,78,6
27,79,14
27,82,34
27,83,5
27,85,14
27,87,29
27,88,29
27,89,8
27,90,22
27,91,17
27,92,16
27,94,6
27,95,9
27,96,6
27,97,52
27,98,37
27,99,68
27,100,18
27,101,18
27,102,9
27,103,11
27,105,12
27,106,13
27,107,21
27,108,69
27,110,13
27,111,17
27,112,17
27,113,38
27,115,30
27,116,5
27,117,12
28,0,2
28,1,35
28,2,51
28,3,2
28,4,12
28,5,20
28,7,72
28,8,26
28,9,26
28,11,18
28,13,3
28,15,3
28,16,25
28,17,29
28,18,29
28,19,52
28,21,13
28,22,12
28,25,45
28,27,132
28,29,33
28,30,49
28,31,8
28,34,105
28,36,74
28,37,20
28,38,16
28,40,20
28,41,67
28,42,1
28,43,36
28,44,22
28,45,13
28,46,13
28,47,48
28,48,63
28,50,29
28,51,112
28,53,18
28,54,13
28,55,18
28,56,70
28,57,48
28,59,47
28,60,9
28,61,28
28,62,36
28,63,12
28,64,28
28,66,35
28,67,12
28,69,21
28,70,39
28,71,10
28,72,38
28,73,33
28,74,12
28,75,12
28,76,1
28,77,20
28,78,57
28,79,6
28,82,26
28,83,39
28,85,42
28,87,87
28,88,87
28,89,22
28,90,130
28,91,9
28,92,3
28,94,25
28,95,18
28,96,25
28,97,62
28,98,76
28,99,79
28,100,21
28,101,21
28,102,21
28,103,47
28,105,13
28,106,8
28,107,68
28,108,81
28,110,8
28,111,13
28,112,1
28,113,24
28,115,110
28,116,27
28,117,12
29,0,17
29,1,17
29,2,12
29,3,5
29,4,9
29,5,12
29,7,38
29,8,16
29,9,15
29,11,10
29,13,18
29,15,6
29,16,13
29,17,17
29,18,17
29,19,26
29,21,10
29,22,10
29,25,22
29,27,71
29,28,6
29,30,3
29,31,26
29,34,51
29,36,40
29,37,12
29,38,12
29,40,6
29,41,43
29,42,11
29,43,19
29,44,14
29,45,3
29,46,2
29,47,39
29,48,39
29,50,16
29,51,64
29,53,13
29,54,10
29,55,13
29,56,42
29,57,26
29,59,21
29,60,2
29,61,3
29,62,5
29,63,1
29,64,22
29,66,5
29,67,4
29,69,14
29,70,32
29,71,8
29,72,30
29,73,18
29,74,9
29,75,9
29,76,5
29,77,5
29,78,32
29,79,7
29,82,4
29,83,20
29,85,18
29,87,38
29,88,56
29,89,15
29,90,64
29,91,2
29,92,6
29,94,15
29,95,12
29,96,15
29,97,16
29,98,53
29,99,21
29,100,6
29,101,6
29,102,14
29,103,23
29,105,10
29,106,8
29,107,43
29,108,21
29,110,8
29,111,3
29,112,6
29,113,21
29,115,52
29,116,16
29,117,10
30,0,19
30,1,18
30,2,11
30,3,6
30,4,10
30,5,12
30,7,38
30,8,16
30,9,16
30,11,11
30,13,20
30,15,7
30,16,14
30,17,17
30,18,17
30,19,25
30,21,11
30,22,11
30,25,22
30,27,72
30,28,7
30,29,2
30,31,29
30,34,51
30,36,40
30,37,12
30,38,12
30,40,5
30,41,44
30,42,13
30,43,19
30,44,15
30,45,2
30,46,2
30,47,41
30,48,40
30,50,17
30,51,65
30,53,13
30,54,11
30,55,13
30,56,43
30,57,27
30,59,21
30,60,2
30,61,5
30,62,7
30,63,1
30,64,23
30,66,8
30,67,4
30,69,14
30,70,33
30,71,9
30,72,32
30,73,18
30,74,10
30,75,9
30,76,6
30,77,5
30,78,33
30,79,7
30,82,3
30,83,20
30,85,18
30,87,37
30,88,58
30,89,15
30,90,64
30,91,2
30,92,7
30,94,16
30,95,13
30,96,16
30,97,15
30,98,55
30,99,18
30,100,5
30,101,5
30,102,15
30,103,22
30,105,11
30,106,8
30,107,45
30,108,19
30,110,8
30,111,3
30,112,7
30,113,22
30,115,52
30,116,16
30,117,10
31,0,3
31,1,18
31,2,28
31,3,2
31,4,6
31,5,10
31,7,36
31,8,13
31,9,13
31,11,9
31,13,2
31,15,2
31,16,13
31,17,15
31,18,15
31,19,27
31,21,7
31,22,6
31,25,23
31,27,66
31,28,1
31,29,20
31,30,29
31,34,53
31,36,37
31,37,10
31,38,8
31,40,11
31,41,33
31,42,2
31,43,19
31,44,11
31,45,8
31,46,8
31,47,23
31,48,31
31,50,14
31,51,56
31,53,9
31,54,6
31,55,9
31,56,35
31,57,26
31,59,24
31,60,6
31,61,17
31,62,22
31,63,7
31,64,13
31,66,22
31,67,7
31,69,10
31,70,18
31,71,5
31,72,19
31,73,17
31,74,6
31,75,6
31,76,2
31,77,11
31,78,29
31,79,3
31,82,15
31,83,20
31,85,22
31,87,45
31,88,42
31,89,11
31,90,66
31,91,6
31,92,2
31,94,12
31,95,9
31,96,12
31,97,34
31,98,36
31,99,44
31,100,12
31,101,12
31,102,10
31,103,24
31,105,6
31,106,4
31,107,33
31,108,44
31,110,4
31,111,8
31,112,1
31,113,12
31,115,56
31,116,13
31,117,6
32,0,78
32,1,9
32,2,66
32,3,26
32,4,21
32,5,18
32,7,20
32,8,17
32,9,16
32,11,18
32,13,78
32,15,25
32,16,15
32,17,15
32,18,14
32,19,1
32,21,22
32,22,22
32,25,5
32,27,47
32,28,26
32,29,76
32,30,100
32,31,105
32,34,1
32,36,23
32,37,17
32,38,22
32,40,22
32,41,57
32,42,52
32,43,35
32,44,19
32,45,23
32,46,24
32,47,88
32,48,53
32,50,15
32,51,59
32,53,21
32,54,22
32,55,21
32,56,50
32,57,80
32,59,8
32,60,26
32,61,76
32,62,101
32,63,25
32,64,44
32,66,100
32,67,22
32,69,20
32,70,66
32,71,22
32,72,87
32,73,12
32,74,21
32,75,21
32,76,26
32,77,23
32,78,29
32,79,24
32,82,48
32,83,8
32,85,11
32,87,21
32,88,74
32,89,19
32,90,14
32,91,25
32,92,25
32,94,18
32,95,21
32,96,17
32,97,67
32,98,82
32,99,89
32,100,23
32,101,23
32,102,20
32,103,4
32,105,22
32,106,23
32,107,56
32,108,89
32,110,23
32,111,23
32,112,26
32,113,67
32,115,8
32,116,16
32,117,22
33,0,159
33,1,19
33,2,135
33,3,53
33,4,43
33,5,35
33,7,40
33,8,34
33,9,33
33,11,36
33,13,159
33,15,51
33,16,30
33,17,29
33,18,29
33,19,1
33,21,44
33,22,45
33,25,9
33,27,95
33,28,53
33,29,153
33,30,203
33,31,212
33,34,1
33,36,46
33,37,34
33,38,44
33,40,43
33,41,114
33,42,105
33,43,70
33,44,38
33,45,47
33,46,48
33,47,178
33,48,107
33,50,30
33,51,120
33,53,41
33,54,45
33,55,41
33,56,101
33,57,163
33,59,17
33,60,52
33,61,153
33,62,204
33,63,51
33,64,90
33,66,202
33,67,44
33,69,41
33,70,135
33,71,45
33,72,176
33,73,24
33,74,42
33,75,43
33,76,53
33,77,47
33,78,58
33,79,47
33,82,97
33,83,15
33,85,22
33,87,43
33,88,151
33,89,38
33,90,30
33,91,51
33,92,51
33,94,35
33,95,41
33,96,35
33,97,136
33,98,166
33,99,180
33,100,45
33,101,45
33,102,41
33,103,8
33,105,45
33,106,46
33,107,113
33,108,181
33,110,46
33,111,47
33,112,53
33,113,136
33,115,16
33,116,33
33,117,45
34,0,158
34,1,19
34,2,134
34,3,53
34,4,42
34,5,35
34,7,40
34,8,34
34,9,33
34,11,36
34,13,158
34,15,51
34,16,30
34,17,29
34,18,29
34,19,1
34,21,44
34,22,45
34,25,9
34,27,95
34,28,53
34,29,153
34,30,203
34,31,212
34,36,46
34,37,34
34,38,44
34,40,43
34,41,114
34,42,105
34,43,70
34,44,38
34,45,47
34,46,48
34,47,178
34,48,107
34,50,30
34,51,120
34,53,41
34,54,45
34,55,41
34,56,101
34,57,163
34,59,17
34,60,52
34,61,153
34,62,204
34,63,51
34,64,90
34,66,202
34,67,44
34,69,41
34,70,134
34,71,45
34,72,176
34,73,24
34,74,42
34,75,43
34,76,53
34,77,47
34,78,58
34,79,47
34,82,96
34,83,15
34,85,22
34,87,43
34,88,151
34,89,38
34,90,29
34,91,51
34,92,51
34,94,35
34,95,41
34,96,35
34,97,136
34,98,166
34,99,180
34,100,45
34,101,45
34,102,41
34,103,8
34,105,45
34,106,46
34,107,113
34,108,181
34,110,46
34,111,47
34,112,53
34,113,136
34,115,16
34,116,33
34,117,44
35,0,43
35,1,4
35,2,39
35,3,15
35,4,9
35,5,5
35,7,8
35,8,6
35,9,5
35,11,6
35,13,43
35,15,14
35,16,3
35,17,4
35,18,4
35,19,13
35,21,9
35,22,10
35,25,9
35,27,13
35,28,15
35,29,45
35,30,60
35,31,57
35,34,26
35,36,11
35,37,5
35,38,10
35,40,13
35,41,21
35,42,29
35,43,12
35,44,7
35,45,14
35,46,14
35,47,38
35,48,16
35,50,4
35,51,15
35,53,8
35,54,10
35,55,8
35,56,13
35,57,35
35,59,13
35,60,15
35,61,44
35,62,58
35,63,15
35,64,20
35,66,57
35,67,12
35,69,8
35,70,29
35,71,10
35,72,39
35,73,4
35,74,9
35,75,9
35,76,15
35,77,15
35,78,7
35,79,12
35,82,28
35,83,6
35,85,12
35,87,26
35,88,26
35,89,7
35,90,24
35,91,15
35,92,14
35,94,6
35,95,8
35,96,6
35,97,43
35,98,33
35,99,56
35,100,15
35,101,15
35,102,8
35,103,11
35,105,10
35,106,11
35,107,20
35,108,57
35,110,11
35,111,14
35,112,15
35,113,31
35,115,30
35,116,5
35,117,10
36,0,111
36,1,11
36,2,109
36,3,38
36,4,25
36,5,18
36,7,10
36,8,13
36,9,12
36,11,21
36,13,110
36,15,35
36,16,14
36,17,9
36,18,8
36,19,23
36,21,25
36,22,26
36,25,15
36,27,18
36,28,37
36,29,119
36,30,160
36,31,146
36,34,46
36,37,18
36,38,24
36,40,36
36,41,51
36,42,74
36,43,43
36,44,17
36,45,37
36,46,38
36,47,104
36,48,49
36,50,9
36,51,37
36,53,21
36,54,26
36,55,21
36,56,42
36,57,108
36,59,30
36,60,39
36,61,117
36,62,155
36,63,40
36,64,51
36,66,153
36,67,33
36,69,20
36,70,77
36,71,28
36,72,110
36,73,5
36,74,25
36,75,26
36,76,37
36,77,40
36,78,17
36,79,31
36,82,76
36,83,10
36,85,30
36,87,62
36,88,68
36,89,17
36,90,43
36,91,39
36,92,35
36,94,14
36,95,21
36,96,14
36,97,117
36,98,84
36,99,153
36,100,39
36,101,39
36,102,20
36,103,23
36,105,26
36,106,30
36,107,50
36,108,154
36,110,29
36,111,37
36,112,37
36,113,87
36,115,59
36,116,12
36,117,27
38,0,68
38,1,38
38,2,110
38,3,25
38,4,9
38,5,14
38,7,73
38,8,17
38,9,18
38,11,17
38,13,67
38,15,20
38,16,22
38,17,24
38,18,24
38,19,65
38,21,5
38,22,6
38,25,52
38,27,124
38,28,23
38,29,103
38,30,144
38,31,86
38,34,131
38,36,72
38,37,16
38,40,39
38,41,33
38,42,46
38,43,39
38,44,11
38,45,34
38,46,34
38,47,21
38,48,37
38,50,23
38,51,89
38,53,5
38,54,6
38,55,5
38,56,46
38,57,76
38,59,63
38,60,32
38,61,97
38,62,127
38,63,36
38,64,5
38,66,125
38,67,28
38,69,8
38,70,11
38,71,12
38,72,48
38,73,31
38,74,9
38,75,11
38,76,24
38,77,43
38,78,47
38,79,16
38,82,68
38,83,44
38,85,58
38,87,122
38,88,43
38,89,11
38,90,152
38,91,32
38,92,20
38,94,16
38,95,5
38,96,16
38,97,128
38,98,23
38,99,165
38,100,43
38,101,43
38,102,8
38,103,59
38,105,5
38,106,13
38,107,35
38,108,169
38,110,14
38,111,34
38,112,23
38,113,42
38,115,144
38,116,19
38,117,7
39,0,6
39,1,35
39,2,57
39,3,5
39,4,12
39,5,20
39,7,72
39,8,25
39,9,25
39,11,19
39,13,5
39,15,3
39,16,25
39,17,29
39,18,29
39,19,53
39,21,13
39,22,11
39,25,45
39,27,131
39,28,3
39,29,40
39,30,58
39,31,2
39,34,107
39,36,73
39,37,20
39,38,15
39,40,22
39,41,64
39,42,5
39,43,37
39,44,21
39,45,16
39,46,15
39,47,45
39,48,62
39,50,28
39,51,111
39,53,17
39,54,12
39,55,17
39,56,69
39,57,52
39,59,48
39,60,11
39,61,35
39,62,44
39,63,15
39,64,26
39,66,44
39,67,14
39,69,20
39,70,36
39,71,10
39,72,38
39,73,33
39,74,12
39,75,12
39,76,4
39,77,23
39,78,57
39,79,7
39,82,30
39,83,40
39,85,43
39,87,90
39,88,84
39,89,22
39,90,132
39,91,11
39,92,3
39,94,24
39,95,17
39,96,24
39,97,68
39,98,72
39,99,88
39,100,23
39,101,23
39,102,20
39,103,48
39,105,12
39,106,8
39,107,65
39,108,90
39,110,8
39,111,16
39,112,2
39,113,25
39,115,112
39,116,26
39,117,11
40,0,30
40,1,14
40,2,5
40,3,9
40,4,10
40,5,12
40,7,33
40,8,15
40,9,15
40,11,9
40,13,30
40,15,10
40,16,12
40,17,15
40,18,16
40,19,22
40,21,12
40,22,12
40,25,19
40,27,64
40,28,10
40,29,16
40,30,20
40,31,42
40,34,43
40,36,36
40,37,11
40,38,13
40,41,44
40,42,20
40,43,16
40,44,15
40,45,4
40,46,4
40,47,46
40,48,39
40,50,15
40,51,60
40,53,14
40,54,12
40,55,14
40,56,40
40,57,27
40,59,16
40,60,7
40,61,18
40,62,24
40,63,5
40,64,26
40,66,24
40,67,5
40,69,15
40,70,37
40,71,10
40,72,37
40,73,16
40,74,10
40,75,10
40,76,10
40,77,2
40,78,30
40,79,9
40,82,8
40,83,17
40,85,13
40,87,28
40,88,57
40,89,15
40,90,54
40,91,6
40,92,10
40,94,15
40,95,13
40,96,15
40,97,5
40,98,57
40,99,5
40,100,2
40,101,2
40,102,15
40,103,18
40,105,12
40,106,10
40,107,44
40,108,6
40,110,10
40,111,4
40,112,10
40,113,27
40,115,43
40,116,15
40,117,11
41,0,99
41,1,31
41,2,128
41,3,35
41,4,17
41,5,12
41,7,55
41,8,7
41,9,9
41,11,18
41,13,99
41,15,30
41,16,18
41,17,14
41,18,15
41,19,57
41,21,14
41,22,16
41,25,44
41,27,87
41,28,34
41,29,128
41,30,176
41,31,129
41,34,114
41,36,51
41,37,14
41,38,11
41,40,44
41,42,67
41,43,42
41,44,2
41,45,41
41,46,42
41,47,62
41,48,20
41,50,14
41,51,50
41,53,7
41,54,16
41,55,7
41,56,23
41,57,99
41,59,59
41,60,40
41,61,123
41,62,162
41,63,44
41,64,27
41,66,159
41,67,34
41,69,4
41,70,43
41,71,21
41,72,83
41,73,22
41,74,17
41,75,18
41,76,34
41,77,49
41,78,28
41,79,26
41,82,83
41,83,35
41,85,55
41,87,115
41,88,6
41,89,1
41,90,128
41,91,40
41,92,30
41,94,5
41,95,8
41,96,6
41,97,145
41,98,24
41,99,187
41,100,49
41,101,48
41,102,4
41,103,53
41,105,16
41,106,23
41,107,3
41,108,191
41,110,23
41,111,41
41,112,33
41,113,69
41,115,130
41,116,9
41,117,17
42,0,1
42,1,18
42,2,25
42,3,1
42,4,6
42,5,10
42,7,36
42,8,13
42,9,13
42,11,9
42,13,2
42,15,2
42,16,13
42,17,15
42,18,15
42,19,26
42,21,7
42,22,6
42,25,23
42,27,66
42,28,1
42,29,17
42,30,25
42,31,4
42,34,53
42,36,37
42,37,10
42,38,8
42,40,10
42,41,34
42,43,18
42,44,11
42,45,7
42,46,7
42,47,24
42,48,32
42,50,15
42,51,56
42,53,9
42,54,7
42,55,9
42,56,35
42,57,24
42,59,24
42,60,5
42,61,14
42,62,18
42,63,6
42,64,14
42,66,18
42,67,6
42,69,11
42,70,20
42,71,5
42,72,19
42,73,17
42,74,6
42,75,6
42,76,1
42,77,10
42,78,29
42,79,3
42,82,13
42,83,20
42,85,21
42,87,44
42,88,44
42,89,11
42,90,65
42,91,5
42,92,2
42,94,13
42,95,9
42,96,13
42,97,31
42,98,38
42,99,40
42,100,11
42,101,11
42,102,11
42,103,24
42,105,7
42,106,4
42,107,34
42,108,41
42,110,4
42,111,7
42,112,1
42,113,12
42,115,55
42,116,14
42,117,6
44,0,33
44,1,10
44,2,42
44,3,12
44,4,6
44,5,4
44,7,18
44,8,2
44,9,3
44,11,6
44,13,33
44,15,10
44,16,6
44,17,5
44,18,5
44,19,19
44,21,5
44,22,5
44,25,15
44,27,29
44,28,11
44,29,42
44,30,58
44,31,42
44,34,38
44,36,17
44,37,5
44,38,4
44,40,15
44,41,2
44,42,22
44,43,13
44,45,14
44,46,14
44,47,20
44,48,5
44,50,5
44,51,16
44,53,3
44,54,5
44,55,3
44,56,7
44,57,32
44,59,20
44,60,13
44,61,40
44,62,53
44,63,15
44,64,9
44,66,52
44,67,11
44,69,2
44,70,14
44,71,7
44,72,27
44,73,7
44,74,6
44,75,6
44,76,12
44,77,16
44,78,9
44,79,9
44,82,27
44,83,12
44,85,18
44,87,38
44,88,1
44,89,1
44,90,42
44,91,13
44,92,10
44,94,2
44,95,3
44,96,2
44,97,47
44,98,8
44,99,61
44,100,16
44,101,16
44,102,2
44,103,18
44,105,5
44,106,8
44,107,2
44,108,62
44,110,8
44,111,13
44,112,11
44,113,22
44,115,43
44,116,3
44,117,6
45,0,41
45,1,31
45,2,12
45,3,12
45,4,17
45,5,21
45,7,68
45,8,28
45,9,28
45,11,17
45,13,41
45,15,14
45,16,23
45,17,30
45,18,30
45,19,46
45,21,20
45,22,19
45,25,40
45,27,129
45,28,13
45,29,13
45,30,16
45,31,59
45,34,94
45,36,73
45,37,20
45,38,23
45,40,7
45,41,81
45,42,26
45,43,31
45,44,27
45,46,2
45,47,76
45,48,72
45,50,30
45,51,118
45,53,24
45,54,19
45,55,24
45,56,76
45,57,42
45,59,38
45,60,6
45,61,16
45,62,22
45,63,4
45,64,43
45,66,20
45,67,5
45,69,26
45,70,62
45,71,15
45,72,57
45,73,33
45,74,17
45,75,16
45,76,13
45,77,8
45,78,59
45,79,13
45,82,3
45,83,36
45,85,32
45,87,67
45,88,105
45,89,27
45,90,116
45,91,6
45,92,14
45,94,28
45,95,23
45,96,28
45,97,23
45,98,101
45,99,28
45,100,8
45,101,8
45,102,26
45,103,40
45,105,20
45,106,15
45,107,81
45,108,29
45,110,14
45,111,1
45,112,14
45,113,40
45,115,96
45,116,29
45,117,18
46,0,40
46,1,32
46,2,14
46,3,11
46,4,17
46,5,22
46,7,70
46,8,29
46,9,29
46,11,18
46,13,41
46,15,14
46,16,24
46,17,31
46,18,31
46,19,47
46,21,20
46,22,20
46,25,41
46,27,133
46,28,13
46,29,11
46,30,12
46,31,59
46,34,96
46,36,75
46,37,21
46,38,23
46,40,8
46,41,83
46,42,26
46,43,33
46,44,27
46,45,2
46,47,78
46,48,74
46,50,31
46,51,121
46,53,24
46,54,20
46,55,24
46,56,79
46,57,45
46,59,39
46,60,6
46,61,14
46,62,19
46,63,3
46,64,44
46,66,18
46,67,6
46,69,27
46,70,63
46,71,15
46,72,59
46,73,34
46,74,17
46,75,16
46,76,12
46,77,8
46,78,60
46,79,13
46,82,1
46,83,37
46,85,33
46,87,69
46,88,107
46,89,28
46,90,119
46,91,5
46,92,14
46,94,29
46,95,24
46,96,29
46,97,24
46,98,103
46,99,29
46,100,9
46,101,9
46,102,27
46,103,41
46,105,20
46,106,15
46,107,83
46,108,31
46,110,15
46,111,2
46,112,14
46,113,41
46,115,98
46,116,30
46,117,19
47,0,36
47,1,26
47,2,65
47,3,13
47,4,4
47,5,10
47,7,52
47,8,14
47,9,15
47,11,11
47,13,35
47,15,10
47,16,16
47,17,18
47,18,19
47,19,44
47,21,2
47,22,1
47,25,36
47,27,90
47,28,12
47,29,59
47,30,82
47,31,45
47,34,89
47,36,52
47,37,11
47,38,4
47,40,23
47,41,31
47,42,24
47,43,24
47,44,10
47,45,19
47,46,20
47,48,30
47,50,18
47,51,68
47,53,6
47,54,1
47,55,6
47,56,37
47,57,40
47,59,42
47,60,18
47,61,55
47,62,71
47,63,21
47,64,6
47,66,70
47,67,15
47,69,9
47,70,5
47,71,5
47,72,19
47,73,23
47,74,4
47,75,5
47,76,13
47,77,26
47,78,35
47,79,8
47,82,39
47,83,30
47,85,38
47,87,80
47,88,40
47,89,11
47,90,105
47,91,18
47,92,10
47,94,13
47,95,6
47,96,13
47,97,77
47,98,29
47,99,98
47,100,26
47,101,26
47,102,9
47,103,40
47,105,1
47,106,6
47,107,32
47,108,101
47,110,6
47,111,19
47,112,12
47,113,18
47,115,97
47,116,15
47,117,2
49,0,33
49,1,9
49,2,38
49,3,12
49,4,5
49,5,2
49,7,16
49,8,2
49,9,2
49,11,5
49,13,33
49,15,10
49,16,4
49,17,4
49,18,4
49,19,18
49,21,5
49,22,6
49,25,14
49,27,25
49,28,11
49,29,40
49,30,55
49,31,43
49,34,35
49,36,16
49,37,3
49,38,5
49,40,13
49,41,7
49,42,22
49,43,11
49,44,2
49,45,13
49,46,13
49,47,21
49,48,1
49,50,4
49,51,13
49,53,4
49,54,6
49,55,4
49,56,3
49,57,28
49,59,18
49,60,13
49,61,39
49,62,51
49,63,14
49,64,11
49,66,50
49,67,10
49,69,3
49,70,16
49,71,7
49,72,25
49,73,6
49,74,5
49,75,6
49,76,11
49,77,15
49,78,8
49,79,8
49,82,26
49,83,11
49,85,16
49,87,35
49,88,7
49,89,3
49,90,38
49,91,13
49,92,10
49,94,2
49,95,3
49,96,2
49,97,44
49,98,14
49,99,56
49,100,15
49,101,15
49,102,3
49,103,16
49,105,6
49,106,8
49,107,7
49,108,57
49,110,7
49,111,13
49,112,11
49,113,22
49,115,40
49,116,3
49,117,6
50,0,170
50,1,25
50,2,178
50,3,58
50,4,33
50,5,19
50,7,37
50,8,10
50,9,7
50,11,26
50,13,169
50,15,52
50,16,15
50,17,1
50,18,2
50,19,58
50,21,33
50,22,35
50,25,41
50,27,44
50,28,57
50,29,192
50,30,261
50,31,224
50,34,117
50,36,35
50,37,19
50,38,31
50,40,60
50,41,54
50,42,114
50,43,57
50,44,18
50,45,59
50,46,61
50,47,139
50,48,45
50,51,7
50,53,26
50,54,35
50,55,26
50,56,32
50,57,154
50,59,64
50,60,62
50,61,187
50,62,248
50,63,65
50,64,68
50,66,244
50,67,50
50,69,23
50,70,103
50,71,39
50,72,153
50,73,11
50,74,33
50,75,35
50,76,57
50,77,67
50,78,2
50,79,46
50,82,122
50,83,29
50,85,60
50,87,128
50,88,70
50,89,18
50,90,118
50,91,61
50,92,52
50,94,12
50,95,26
50,96,12
50,97,196
50,98,101
50,99,255
50,100,66
50,101,66
50,102,23
50,103,53
50,105,35
50,106,42
50,107,51
50,108,259
50,110,41
50,111,59
50,112,57
50,113,124
50,115,138
50,116,7
50,117,35
51,0,84
51,1,13
51,2,90
51,3,29
51,4,16
51,5,9
51,7,21
51,8,4
51,9,3
51,11,13
51,13,84
51,15,26
51,16,8
51,17,2
51,18,2
51,19,30
51,21,16
51,22,17
51,25,22
51,27,25
51,28,28
51,29,96
51,30,130
51,31,111
51,34,60
51,36,19
51,37,10
51,38,15
51,40,30
51,41,25
51,42,56
51,43,29
51,44,8
51,45,30
51,46,31
51,47,68
51,48,21
51,50,1
51,53,12
51,54,17
51,55,12
51,56,15
51,57,77
51,59,33
51,60,31
51,61,94
51,62,124
51,63,33
51,64,33
51,66,122
51,67,25
51,69,11
51,70,50
51,71,19
51,72,75
51,73,7
51,74,16
51,75,17
51,76,29
51,77,34
51,78,3
51,79,23
51,82,61
51,83,16
51,85,31
51,87,66
51,88,32
51,89,9
51,90,62
51,91,31
51,92,26
51,94,5
51,95,12
51,96,5
51,97,99
51,98,48
51,99,129
51,100,33
51,101,33
51,102,11
51,103,28
51,105,17
51,106,21
51,107,24
51,108,131
51,110,21
51,111,30
51,112,28
51,113,61
51,115,71
51,116,3
51,117,17
52,0,27
52,1,9
52,2,24
52,3,9
52,4,5
52,5,4
52,7,20
52,8,7
52,9,7
52,11,2
52,13,27
52,15,8
52,16,4
52,17,8
52,18,8
52,19,18
52,21,6
52,22,6
52,25,14
52,27,35
52,28,9
52,29,28
52,30,38
52,31,37
52,34,35
52,36,22
52,37,3
52,38,7
52,40,8
52,41,21
52,42,18
52,43,1
52,44,7
52,45,8
52,46,9
52,47,24
52,48,15
52,50,8
52,51,29
52,53,7
52,54,6
52,55,7
52,56,17
52,57,12
52,59,16
52,60,9
52,61,27
52,62,36
52,63,10
52,64,14
52,66,34
52,67,6
52,69,7
52,70,20
52,71,5
52,72,19
52,73,9
52,74,5
52,75,5
52,76,9
52,77,10
52,78,14
52,79,7
52,82,17
52,83,11
52,85,13
52,87,29
52,88,26
52,89,7
52,90,39
52,91,9
52,92,8
52,94,7
52,95,6
52,96,7
52,97,29
52,98,28
52,99,36
52,100,10
52,101,10
52,102,7
52,103,15
52,105,7
52,106,6
52,107,21
52,108,37
52,110,6
52,111,8
52,112,9
52,113,16
52,115,38
52,116,7
52,117,6
53,0,27
53,1,12
53,2,38
53,3,10
53,4,4
53,5,4
53,7,22
53,8,5
53,9,5
53,11,6
53,13,26
53,15,8
53,16,7
53,17,7
53,18,7
53,19,21
53,21,3
53,22,3
53,25,17
53,27,36
53,28,9
53,29,37
53,30,51
53,31,34
53,34,41
53,36,21
53,37,5
53,38,2
53,40,14
53,41,7
53,42,18
53,43,13
53,44,3
53,45,12
53,46,12
53,47,12
53,48,9
53,50,7
53,51,24
53,54,3
53,55,1
53,56,12
53,57,27
53,59,21
53,60,12
53,61,35
53,62,46
53,63,13
53,64,5
53,66,45
53,67,10
53,69,2
53,70,8
53,71,5
53,72,20
53,73,9
53,74,4
53,75,4
53,76,10
53,77,15
53,78,13
53,79,7
53,82,24
53,83,14
53,85,19
53,87,39
53,88,9
53,89,3
53,90,47
53,91,12
53,92,8
53,94,4
53,95,1
53,96,4
53,97,44
53,98,4
53,99,57
53,100,15
53,101,15
53,102,2
53,103,19
53,105,3
53,106,6
53,107,8
53,108,58
53,110,6
53,111,12
53,112,9
53,113,17
53,115,46
53,116,5
53,117,4
54,0,18
54,1,13
54,2,33
54,3,7
54,4,2
54,5,5
54,7,26
54,8,7
54,9,7
54,11,6
54,13,18
54,15,5
54,16,8
54,17,9
54,18,9
54,19,22
54,21,1
54,22,1
54,25,18
54,27,45
54,28,7
54,29,30
54,30,42
54,31,23
54,34,45
54,36,26
54,37,6
54,38,2
54,40,12
54,41,16
54,42,13
54,43,12
54,44,5
54,45,10
54,46,10
54,47,1
54,48,15
54,50,9
54,51,34
54,53,3
54,55,3
54,56,18
54,57,20
54,59,21
54,60,9
54,61,28
54,62,36
54,63,11
54,64,3
54,66,35
54,67,8
54,69,5
54,70,3
54,71,3
54,72,10
54,73,12
54,74,2
54,75,2
54,76,7
54,77,13
54,78,18
54,79,4
54,82,20
54,83,15
54,85,19
54,87,40
54,88,20
54,89,5
54,90,52
54,91,9
54,92,5
54,94,7
54,95,3
54,96,7
54,97,39
54,98,14
54,99,49
54,100,13
54,101,13
54,102,5
54,103,20
54,105,1
54,106,3
54,107,16
54,108,51
54,110,3
54,111,10
54,112,6
54,113,9
54,115,48
54,116,8
54,117,1
55,0,27
55,1,12
55,2,39
55,3,10
55,4,4
55,5,4
55,7,22
55,8,5
55,9,5
55,11,6
55,13,26
55,15,8
55,16,7
55,17,7
55,18,7
55,19,21
55,21,3
55,22,3
55,25,17
55,27,36
55,28,9
55,29,37
55,30,52
55,31,34
55,34,41
55,36,21
55,37,5
55,38,2
55,40,14
55,41,7
55,42,18
55,43,13
55,44,3
55,45,12
55,46,12
55,47,12
55,48,9
55,50,7
55,51,24
55,53,1
55,54,3
55,56,12
55,57,27
55,59,21
55,60,12
55,61,35
55,62,46
55,63,13
55,64,5
55,66,46
55,67,10
55,69,2
55,70,8
55,71,5
55,72,20
55,73,9
55,74,4
55,75,5
55,76,10
55,77,15
55,78,13
55,79,7
55,82,25
55,83,14
55,85,19
55,87,40
55,88,9
55,89,3
55,90,47
55,91,12
55,92,8
55,94,4
55,95,1
55,96,4
55,97,44
55,98,4
55,99,57
55,100,15
55,101,15
55,102,2
55,103,19
55,105,3
55,106,6
55,107,8
55,108,58
55,110,6
55,111,12
55,112,9
55,113,17
55,115,46
55,116,5
55,117,4
57,0,19
57,1,12
57,2,19
57,3,6
57,4,4
57,5,6
57,7,25
57,8,9
57,9,9
57,11,4
57,13,19
57,15,6
57,16,7
57,17,10
57,18,10
57,19,21
57,21,5
57,22,5
57,25,17
57,27,46
57,28,6
57,29,20
57,30,27
57,31,26
57,34,41
57,36,27
57,37,5
57,38,7
57,40,7
57,41,25
57,42,12
57,43,6
57,44,8
57,45,6
57,46,6
57,47,20
57,48,20
57,50,10
57,51,39
57,53,7
57,54,5
57,55,7
57,56,23
57,59,18
57,60,6
57,61,18
57,62,24
57,63,7
57,64,13
57,66,23
57,67,4
57,69,8
57,70,18
57,71,4
57,72,12
57,73,12
57,74,4
57,75,3
57,76,6
57,77,8
57,78,20
57,79,4
57,82,12
57,83,14
57,85,15
57,87,32
57,88,32
57,89,9
57,90,48
57,91,6
57,92,6
57,94,9
57,95,7
57,96,9
57,97,24
57,98,31
57,99,30
57,100,8
57,101,8
57,102,8
57,103,18
57,105,6
57,106,4
57,107,25
57,108,32
57,110,4
57,111,6
57,112,7
57,113,9
57,115,44
57,116,10
57,117,5
58,0,71
58,1,10
58,2,52
58,3,23
58,4,20
58,5,17
58,7,25
58,8,18
58,9,18
58,11,16
58,13,71
58,15,23
58,16,14
58,17,16
58,18,16
58,19,8
58,21,21
58,22,21
58,25,9
58,27,56
58,28,24
58,29,63
58,30,83
58,31,95
58,34,17
58,36,30
58,37,16
58,38,21
58,40,16
58,41,59
58,42,47
58,43,31
58,44,20
58,45,19
58,46,20
58,47,84
58,48,53
58,50,16
58,51,65
58,53,21
58,54,21
58,55,21
58,56,51
58,57,70
58,59,1
58,60,22
58,61,64
58,62,85
58,63,21
58,64,43
58,66,84
58,67,18
58,69,21
58,70,64
58,71,20
58,72,79
58,73,14
58,74,20
58,75,20
58,76,23
58,77,18
58,78,32
58,79,21
58,82,39
58,83,10
58,85,4
58,87,6
58,88,77
58,89,20
58,90,26
58,91,21
58,92,23
58,94,19
58,95,20
58,96,19
58,97,51
58,98,83
58,99,68
58,100,17
58,101,17
58,102,21
58,103,5
58,105,21
58,106,21
58,107,58
58,108,68
58,110,21
58,111,19
58,112,24
58,113,61
58,115,13
58,116,18
58,117,21
60,0,13
60,1,17
60,2,15
60,3,4
60,4,8
60,5,11
60,7,37
60,8,15
60,9,15
60,11,10
60,13,14
60,15,5
60,16,13
60,17,16
60,18,16
60,19,26
60,21,9
60,22,9
60,25,22
60,27,69
60,28,5
60,29,4
60,30,8
60,31,21
60,34,52
60,36,39
60,37,11
60,38,11
60,40,7
60,41,40
60,42,9
60,43,18
60,44,13
60,45,3
60,46,3
60,47,35
60,48,37
60,50,16
60,51,62
60,53,12
60,54,9
60,55,12
60,56,40
60,57,24
60,59,22
60,61,2
60,62,2
60,63,2
60,64,20
60,66,2
60,67,4
60,69,13
60,70,29
60,71,7
60,72,26
60,73,18
60,74,8
60,75,8
60,76,4
60,77,7
60,78,31
60,79,6
60,82,6
60,83,20
60,85,19
60,87,39
60,88,52
60,89,14
60,90,64
60,91,1
60,92,5
60,94,15
60,95,12
60,96,15
60,97,20
60,98,49
60,99,25
60,100,7
60,101,7
60,102,13
60,103,23
60,105,9
60,106,7
60,107,41
60,108,26
60,110,7
60,111,3
60,112,5
60,113,18
60,115,53
60,116,15
60,117,9
61,0,15
61,1,17
61,2,14
61,3,4
61,4,9
61,5,12
61,7,37
61,8,15
61,9,15
61,11,10
61,13,15
61,15,6
61,16,13
61,17,16
61,18,16
61,19,26
61,21,10
61,22,9
61,25,22
61,27,70
61,28,5
61,29,3
61,30,6
61,31,23
61,34,51
61,36,39
61,37,11
61,38,11
61,40,6
61,41,41
61,42,10
61,43,18
61,44,14
61,45,3
61,46,3
61,47,37
61,48,38
61,50,16
61,51,63
61,53,12
61,54,10
61,55,12
61,56,40
61,57,24
61,59,22
61,60,1
61,62,1
61,63,2
61,64,21
61,66,2
61,67,4
61,69,13
61,70,30
61,71,7
61,72,28
61,73,18
61,74,9
61,75,8
61,76,5
61,77,6
61,78,32
61,79,6
61,82,5
61,83,20
61,85,19
61,87,39
61,88,54
61,89,14
61,90,64
61,91,1
61,92,6
61,94,15
61,95,12
61,96,15
61,97,18
61,98,50
61,99,23
61,100,7
61,101,7
61,102,13
61,103,23
61,105,10
61,106,7
61,107,42
61,108,24
61,110,7
61,111,3
61,112,5
61,113,19
61,115,53
61,116,15
61,117,9
62,0,14
62,1,17
62,2,14
62,3,4
62,4,8
62,5,11
62,7,37
62,8,15
62,9,15
62,11,10
62,13,15
62,15,5
62,16,13
62,17,16
62,18,16
62,19,26
62,21,10
62,22,9
62,25,22
62,27,70
62,28,5
62,29,4
62,30,7
62,31,22
62,34,51
62,36,39
62,37,11
62,38,11
62,40,6
62,41,41
62,42,9
62,43,18
62,44,14
62,45,3
62,46,3
62,47,36
62,48,37
62,50,16
62,51,62
62,53,12
62,54,9
62,55,12
62,56,40
62,57,24
62,59,22
62,60,1
62,61,1
62,63,2
62,64,21
62,66,2
62,67,4
62,69,13
62,70,29
62,71,7
62,72,27
62,73,18
62,74,9
62,75,8
62,76,4
62,77,6
62,78,31
62,79,6
62,82,5
62,83,20
62,85,19
62,87,39
62,88,53
62,89,14
62,90,64
62,91,1
62,92,5
62,94,15
62,95,12
62,96,15
62,97,19
62,98,49
62,99,24
62,100,7
62,101,7
62,102,13
62,103,23
62,105,9
62,106,7
62,107,41
62,108,25
62,110,7
62,111,3
62,112,5
62,113,18
62,115,53
62,116,15
62,117,9
63,0,74
63,1,68
63,2,43
63,3,20
63,4,37
63,5,47
63,7,150
63,8,62
63,9,61
63,11,40
63,13,76
63,15,26
63,16,53
63,17,66
63,18,66
63,19,100
63,21,42
63,22,41
63,25,87
63,27,285
63,28,24
63,29,6
63,30,3
63,31,110
63,34,203
63,36,160
63,37,46
63,38,48
63,40,20
63,41,175
63,42,47
63,43,74
63,44,57
63,45,8
63,46,6
63,47,162
63,48,158
63,50,65
63,51,258
63,53,51
63,54,41
63,55,51
63,56,168
63,57,106
63,59,83
63,60,8
63,61,16
63,62,25
63,64,91
63,66,26
63,67,16
63,69,56
63,70,130
63,71,32
63,72,125
63,73,71
63,74,37
63,75,35
63,76,22
63,77,19
63,78,129
63,79,27
63,82,12
63,83,79
63,85,71
63,87,149
63,88,227
63,89,58
63,90,256
63,91,7
63,92,26
63,94,61
63,95,50
63,96,61
63,97,59
63,98,215
63,99,75
63,100,21
63,101,21
63,102,56
63,103,88
63,105,42
63,106,31
63,107,176
63,108,77
63,110,30
63,111,9
63,112,25
63,113,86
63,115,207
63,116,63
63,117,39
64,0,21
64,1,14
64,2,36
64,3,8
64,4,3
64,5,5
64,7,26
64,8,7
64,9,7
64,11,6
64,13,21
64,15,6
64,16,8
64,17,9
64,18,9
64,19,23
64,21,2
64,22,2
64,25,18
64,27,45
64,28,7
64,29,33
64,30,46
64,31,26
64,34,45
64,36,26
64,37,6
64,38,1
64,40,13
64,41,14
64,42,14
64,43,14
64,44,5
64,45,11
64,46,11
64,47,6
64,48,15
64,50,9
64,51,33
64,53,3
64,54,2
64,55,3
64,56,18
64,57,25
64,59,22
64,60,10
64,61,31
64,62,41
64,63,12
64,66,40
64,67,9
64,69,4
64,70,2
64,71,4
64,72,15
64,73,11
64,74,3
64,75,4
64,76,8
64,77,14
64,78,17
64,79,5
64,82,22
64,83,16
64,85,20
64,87,42
64,88,18
64,89,5
64,90,53
64,91,10
64,92,6
64,94,6
64,95,3
64,96,6
64,97,42
64,98,11
64,99,54
64,100,14
64,101,14
64,102,4
64,103,21
64,105,2
64,106,4
64,107,14
64,108,56
64,110,4
64,111,11
64,112,7
64,113,13
64,115,49
64,116,8
64,117,2
65,0,42
65,1,27
65,2,73
65,3,16
65,4,6
65,5,11
65,7,52
65,8,13
65,9,14
65,11,12
65,13,41
65,15,12
65,16,16
65,17,18
65,18,18
65,19,45
65,21,3
65,22,3
65,25,36
65,27,89
65,28,14
65,29,67
65,30,93
65,31,52
65,34,90
65,36,51
65,37,12
65,38,2
65,40,26
65,41,27
65,42,28
65,43,28
65,44,9
65,45,22
65,46,22
65,47,11
65,48,29
65,50,17
65,51,65
65,53,5
65,54,3
65,55,5
65,56,35
65,57,50
65,59,43
65,60,20
65,61,62
65,62,81
65,63,23
65,64,1
65,66,80
65,67,18
65,69,7
65,70,4
65,71,8
65,72,30
65,73,22
65,74,6
65,75,7
65,76,15
65,77,28
65,78,34
65,79,10
65,82,45
65,83,31
65,85,40
65,87,83
65,88,35
65,89,9
65,90,106
65,91,20
65,92,12
65,94,12
65,95,5
65,96,12
65,97,85
65,98,21
65,99,109
65,100,29
65,101,29
65,102,7
65,103,41
65,105,3
65,106,8
65,107,28
65,108,111
65,110,8
65,111,22
65,112,14
65,113,26
65,115,98
65,116,14
65,117,4
66,0,14
66,1,17
66,2,14
66,3,4
66,4,8
66,5,11
66,7,37
66,8,15
66,9,15
66,11,10
66,13,15
66,15,5
66,16,13
66,17,16
66,18,16
66,19,25
66,21,9
66,22,9
66,25,22
66,27,68
66,28,5
66,29,4
66,30,8
66,31,22
66,34,51
66,36,39
66,37,11
66,38,11
66,40,6
66,41,40
66,42,9
66,43,17
66,44,13
66,45,3
66,46,3
66,47,35
66,48,37
66,50,16
66,51,61
66,53,12
66,54,9
66,55,12
66,56,39
66,57,23
66,59,21
66,60,1
66,61,2
66,62,2
66,63,2
66,64,20
66,67,4
66,69,13
66,70,29
66,71,7
66,72,26
66,73,17
66,74,8
66,75,8
66,76,4
66,77,6
66,78,31
66,79,6
66,82,5
66,83,20
66,85,19
66,87,39
66,88,52
66,89,14
66,90,63
66,91,1
66,92,5
66,94,14
66,95,11
66,96,14
66,97,19
66,98,49
66,99,23
66,100,7
66,101,7
66,102,13
66,103,22
66,105,9
66,106,7
66,107,41
66,108,24
66,110,7
66,111,3
66,112,5
66,113,18
66,115,52
66,116,15
66,117,9
68,0,19
68,1,14
68,2,10
68,3,6
68,4,7
68,5,9
68,7,30
68,8,12
68,9,12
68,11,7
68,13,19
68,15,6
68,16,10
68,17,13
68,18,13
68,19,22
68,21,8
68,22,8
68,25,19
68,27,57
68,28,6
68,29,11
68,30,16
68,31,27
68,34,44
68,36,33
68,37,8
68,38,10
68,40,4
68,41,35
68,42,12
68,43,12
68,44,11
68,45,3
68,46,3
68,47,31
68,48,30
68,50,13
68,51,51
68,53,10
68,54,8
68,55,10
68,56,32
68,57,13
68,59,18
68,60,4
68,61,11
68,62,15
68,63,4
68,64,18
68,66,14
68,67,1
68,69,11
68,70,26
68,71,6
68,72,22
68,73,15
68,74,7
68,75,6
68,76,6
68,77,5
68,78,26
68,79,5
68,82,6
68,83,16
68,85,16
68,87,32
68,88,44
68,89,12
68,90,54
68,91,4
68,92,6
68,94,12
68,95,10
68,96,12
68,97,16
68,98,43
68,99,19
68,100,6
68,101,6
68,102,11
68,103,19
68,105,8
68,106,6
68,107,35
68,108,20
68,110,6
68,111,3
68,112,7
68,113,15
68,115,46
68,116,13
68,117,8
69,0,60
69,1,23
69,2,83
69,3,22
69,4,10
69,5,9
69,7,42
69,8,7
69,9,9
69,11,12
69,13,60
69,15,18
69,16,13
69,17,12
69,18,13
69,19,40
69,21,8
69,22,9
69,25,32
69,27,68
69,28,21
69,29,81
69,30,112
69,31,77
69,34,81
69,36,40
69,37,10
69,38,5
69,40,29
69,41,8
69,42,41
69,43,29
69,44,3
69,45,26
69,46,27
69,47,33
69,48,17
69,50,12
69,51,43
69,53,3
69,54,9
69,55,3
69,56,21
69,57,63
69,59,41
69,60,26
69,61,78
69,62,102
69,63,28
69,64,13
69,66,100
69,67,22
69,70,22
69,71,12
69,72,49
69,73,17
69,74,10
69,75,11
69,76,21
69,77,32
69,78,24
69,79,16
69,82,53
69,83,26
69,85,38
69,87,80
69,88,12
69,89,3
69,90,93
69,91,25
69,92,18
69,94,6
69,95,4
69,96,7
69,97,95
69,98,6
69,99,123
69,100,32
69,101,32
69,102,1
69,103,37
69,105,8
69,106,14
69,107,10
69,108,125
69,110,14
69,111,26
69,112,20
69,113,41
69,115,91
69,116,9
69,117,9
70,0,20
70,1,14
70,2,35
70,3,8
70,4,3
70,5,5
70,7,26
70,8,7
70,9,7
70,11,6
70,13,19
70,15,6
70,16,8
70,17,9
70,18,9
70,19,23
70,21,1
70,22,1
70,25,18
70,27,45
70,28,7
70,29,32
70,30,44
70,31,24
70,34,45
70,36,26
70,37,6
70,38,2
70,40,13
70,41,15
70,42,13
70,43,13
70,44,5
70,45,11
70,46,11
70,47,4
70,48,15
70,50,9
70,51,34
70,53,3
70,54,1
70,55,3
70,56,18
70,57,23
70,59,22
70,60,10
70,61,30
70,62,39
70,63,11
70,64,1
70,66,38
70,67,9
70,69,4
70,71,3
70,72,13
70,73,12
70,74,3
70,75,3
70,76,7
70,77,14
70,78,18
70,79,5
70,82,21
70,83,16
70,85,20
70,87,41
70,88,19
70,89,5
70,90,53
70,91,10
70,92,6
70,94,7
70,95,3
70,96,7
70,97,41
70,98,12
70,99,53
70,100,14
70,101,14
70,102,4
70,103,21
70,105,1
70,106,4
70,107,15
70,108,54
70,110,4
70,111,11
70,112,7
70,113,12
70,115,49
70,116,8
70,117,2
71,0,56
71,1,51
71,2,103
71,3,20
71,4,6
71,5,21
71,7,107
71,8,33
71,9,33
71,11,19
71,13,55
71,15,14
71,16,31
71,17,40
71,18,40
71,19,87
71,21,10
71,22,9
71,25,72
71,27,190
71,28,19
71,29,92
71,30,130
71,31,73
71,34,177
71,36,110
71,37,22
71,38,16
71,40,38
71,41,82
71,42,37
71,43,39
71,44,26
71,45,30
71,46,30
71,47,35
71,48,72
71,50,39
71,51,150
71,53,19
71,54,9
71,55,19
71,56,84
71,57,49
71,59,80
71,60,27
71,61,84
71,62,109
71,63,32
71,64,28
71,66,106
71,67,22
71,69,24
71,70,36
71,72,4
71,73,48
71,74,6
71,75,5
71,76,19
71,77,42
71,78,77
71,79,7
71,82,60
71,83,61
71,85,71
71,87,150
71,88,104
71,89,27
71,90,209
71,91,27
71,92,14
71,94,31
71,95,18
71,96,32
71,97,127
71,98,88
71,99,162
71,100,43
71,101,43
71,102,25
71,103,78
71,105,10
71,106,4
71,107,83
71,108,166
71,110,3
71,111,29
71,112,19
71,113,11
71,115,190
71,116,35
71,117,7
72,0,14
72,1,13
72,2,25
72,3,5
72,4,2
72,5,6
72,7,27
72,8,9
72,9,9
72,11,5
72,13,14
72,15,4
72,16,8
72,17,10
72,18,10
72,19,22
72,21,3
72,22,3
72,25,18
72,27,48
72,28,5
72,29,23
72,30,32
72,31,19
72,34,44
72,36,28
72,37,6
72,38,4
72,40,10
72,41,21
72,42,10
72,43,10
72,44,7
72,45,8
72,46,8
72,47,10
72,48,18
72,50,10
72,51,38
72,53,5
72,54,3
72,55,5
72,56,21
72,57,12
72,59,20
72,60,7
72,61,21
72,62,27
72,63,8
72,64,8
72,66,26
72,67,6
72,69,7
72,70,10
72,71,1
72,73,12
72,74,2
72,75,1
72,76,5
72,77,11
72,78,20
72,79,2
72,82,15
72,83,16
72,85,18
72,87,38
72,88,27
72,89,7
72,90,52
72,91,7
72,92,4
72,94,8
72,95,5
72,96,8
72,97,31
72,98,23
72,99,40
72,100,11
72,101,11
72,102,7
72,103,20
72,105,3
72,106,1
72,107,21
72,108,41
72,110,1
72,111,8
72,112,5
72,113,3
72,115,47
72,116,9
72,117,2
73,0,50
73,1,5
73,2,48
73,3,17
73,4,11
73,5,7
73,7,5
73,8,6
73,9,5
73,11,8
73,13,49
73,15,16
73,16,5
73,17,3
73,18,3
73,19,12
73,21,11
73,22,12
73,25,8
73,27,1
73,28,17
73,29,53
73,30,72
73,31,66
73,34,24
73,36,5
73,37,7
73,38,11
73,40,16
73,41,22
73,42,33
73,43,18
73,44,7
73,45,17
73,46,17
73,47,45
73,48,19
73,50,3
73,51,13
73,53,9
73,54,12
73,55,9
73,56,16
73,57,46
73,59,14
73,60,18
73,61,52
73,62,69
73,63,18
73,64,22
73,66,68
73,67,14
73,69,9
73,70,34
73,71,12
73,72,47
73,74,11
73,75,11
73,76,17
73,77,18
73,78,6
73,79,14
73,82,34
73,83,5
73,85,14
73,87,29
73,88,28
73,89,8
73,90,22
73,91,17
73,92,16
73,94,6
73,95,9
73,96,6
73,97,52
73,98,36
73,99,68
73,100,18
73,101,18
73,102,9
73,103,11
73,105,12
73,106,13
73,107,21
73,108,69
73,110,13
73,111,17
73,112,17
73,113,38
73,115,30
73,116,5
73,117,12
74,0,18
74,1,12
74,2,28
74,3,7
74,4,1
74,5,4
74,7,25
74,8,7
74,9,7
74,11,4
74,13,18
74,15,5
74,16,7
74,17,9
74,18,9
74,19,21
74,21,2
74,22,2
74,25,17
74,27,43
74,28,6
74,29,27
74,30,38
74,31,24
74,34,42
74,36,25
74,37,5
74,38,3
74,40,10
74,41,17
74,42,12
74,43,9
74,44,6
74,45,9
74,46,9
74,47,7
74,48,14
74,50,9
74,51,32
74,53,4
74,54,2
74,55,4
74,56,17
74,57,14
74,59,20
74,60,8
74,61,25
74,62,33
74,63,10
74,64,6
74,66,32
74,67,7
74,69,5
74,70,8
74,71,2
74,72,6
74,73,11
74,75,1
74,76,7
74,77,12
74,78,17
74,79,4
74,82,18
74,83,14
74,85,18
74,87,37
74,88,21
74,89,6
74,90,49
74,91,8
74,92,5
74,94,7
74,95,4
74,96,7
74,97,34
74,98,18
74,99,44
74,100,12
74,101,12
74,102,5
74,103,19
74,105,2
74,106,3
74,107,17
74,108,45
74,110,3
74,111,9
74,112,6
74,113,7
74,115,46
74,116,8
74,117,2
76,0,3
76,1,17
76,2,24
76,3,1
76,4,7
76,5,10
76,7,36
76,8,13
76,9,13
76,11,9
76,13,3
76,15,2
76,16,13
76,17,15
76,18,15
76,19,26
76,21,7
76,22,7
76,25,22
76,27,66
76,28,1
76,29,15
76,30,23
76,31,6
76,34,53
76,36,37
76,37,10
76,38,8
76,40,10
76,41,34
76,42,1
76,43,18
76,44,12
76,45,7
76,46,6
76,47,25
76,48,32
76,50,15
76,51,57
76,53,10
76,54,7
76,55,10
76,56,35
76,57,24
76,59,23
76,60,4
76,61,13
76,62,16
76,63,6
76,64,15
76,66,16
76,67,6
76,69,11
76,70,21
76,71,5
76,72,19
76,73,17
76,74,7
76,75,6
76,77,10
76,78,29
76,79,3
76,82,12
76,83,20
76,85,21
76,87,43
76,88,45
76,89,12
76,90,65
76,91,4
76,92,2
76,94,13
76,95,9
76,96,13
76,97,30
76,98,39
76,99,38
76,100,10
76,101,10
76,102,11
76,103,24
76,105,7
76,106,4
76,107,35
76,108,39
76,110,5
76,111,7
76,112,1
76,113,12
76,115,55
76,116,14
76,117,6
77,0,31
77,1,16
77,2,6
77,3,10
77,4,12
77,5,13
77,7,36
77,8,17
77,9,16
77,11,11
77,13,32
77,15,11
77,16,13
77,17,17
77,18,17
77,19,23
77,21,13
77,22,13
77,25,20
77,27,70
77,28,10
77,29,15
77,30,18
77,31,44
77,34,47
77,36,40
77,37,13
77,38,15
77,40,2
77,41,49
77,42,20
77,43,20
77,44,16
77,45,4
77,46,4
77,47,51
77,48,43
77,50,17
77,51,67
77,53,15
77,54,13
77,55,15
77,56,45
77,57,32
77,59,18
77,60,7
77,61,18
77,62,24
77,63,5
77,64,28
77,66,24
77,67,6
77,69,16
77,70,41
77,71,11
77,72,42
77,73,18
77,74,12
77,75,11
77,76,10
77,78,33
77,79,10
77,82,8
77,83,19
77,85,15
77,87,30
77,88,63
77,89,16
77,90,59
77,91,6
77,92,11
77,94,17
77,95,15
77,96,17
77,97,2
77,98,62
77,99,3
77,100,1
77,101,1
77,102,16
77,103,20
77,105,13
77,106,11
77,107,49
77,108,2
77,110,11
77,111,4
77,112,11
77,113,30
77,115,46
77,116,17
77,117,13
78,0,43
78,1,6
78,2,45
78,3,15
78,4,9
78,5,5
78,7,9
78,8,3
78,9,2
78,11,7
78,13,43
78,15,13
78,16,4
78,17,1
78,18,1
78,19,15
78,21,9
78,22,9
78,25,11
78,27,11
78,28,15
78,29,48
78,30,65
78,31,57
78,34,29
78,36,9
78,37,5
78,38,8
78,40,15
78,41,14
78,42,29
78,43,15
78,44,5
78,45,15
78,46,15
78,47,35
78,48,12
78,50,1
78,51,3
78,53,7
78,54,9
78,55,7
78,56,9
78,57,39
78,59,16
78,60,16
78,61,47
78,62,62
78,63,17
78,64,17
78,66,61
78,67,13
78,69,6
78,70,26
78,71,10
78,72,39
78,73,3
78,74,9
78,75,9
78,76,15
78,77,17
78,79,12
78,82,31
78,83,8
78,85,15
78,87,32
78,88,18
78,89,5
78,90,29
78,91,16
78,92,13
78,94,4
78,95,7
78,96,3
78,97,49
78,98,26
78,99,64
78,100,17
78,101,17
78,102,6
78,103,14
78,105,9
78,106,11
78,107,14
78,108,65
78,110,11
78,111,15
78,112,15
78,113,31
78,115,35
78,116,2
78,117,9
79,0,9
79,1,15
79,2,24
79,3,4
79,4,4
79,5,7
79,7,30
79,8,10
79,9,10
79,11,6
79,13,9
79,15,2
79,16,10
79,17,12
79,18,12
79,19,24
79,21,4
79,22,4
79,25,20
79,27,55
79,28,3
79,29,19
79,30,28
79,31,12
79,34,47
79,36,31
79,37,7
79,38,6
79,40,9
79,41,26
79,42,6
79,43,13
79,44,9
79,45,7
79,46,7
79,47,15
79,48,24
79,50,12
79,51,45
79,53,7
79,54,4
79,55,7
79,56,27
79,57,15
79,59,21
79,60,6
79,61,17
79,62,22
79,63,7
79,64,10
79,66,21
79,67,5
79,69,8
79,70,13
79,71,2
79,72,7
79,73,14
79,74,4
79,75,3
79,76,3
79,77,10
79,78,23
79,82,13
79,83,17
79,85,19
79,87,39
79,88,33
79,89,9
79,90,57
79,91,6
79,92,2
79,94,10
79,95,7
79,96,10
79,97,30
79,98,29
79,99,38
79,100,10
79,101,10
79,102,8
79,103,21
79,105,4
79,106,2
79,107,26
79,108,39
79,110,2
79,111,7
79,112,3
79,113,4
79,115,50
79,116,11
79,117,4
80,0,43
80,1,7
80,2,45
80,3,15
80,4,9
80,5,5
80,7,10
80,8,3
80,9,2
80,11,7
80,13,43
80,15,14
80,16,4
80,17,1
80,18,1
80,19,15
80,21,9
80,22,9
80,25,11
80,27,11
80,28,15
80,29,49
80,30,66
80,31,57
80,34,30
80,36,9
80,37,5
80,38,8
80,40,15
80,41,14
80,42,29
80,43,15
80,44,5
80,45,15
80,46,16
80,47,35
80,48,12
80,50,1
80,51,2
80,53,7
80,54,9
80,55,7
80,56,9
80,57,39
80,59,16
80,60,16
80,61,48
80,62,63
80,63,17
80,64,17
80,66,62
80,67,13
80,69,6
80,70,26
80,71,10
80,72,39
80,73,3
80,74,9
80,75,9
80,76,15
80,77,17
80,78,1
80,79,12
80,82,31
80,83,8
80,85,15
80,87,32
80,88,18
80,89,5
80,90,30
80,91,16
80,92,14
80,94,3
80,95,7
80,96,3
80,97,50
80,98,26
80,99,65
80,100,17
80,101,17
80,102,6
80,103,14
80,105,9
80,106,11
80,107,13
80,108,66
80,110,11
80,111,15
80,112,15
80,113,32
80,115,35
80,116,2
80,117,9
81,0,94
81,1,26
81,2,113
81,3,33
81,4,14
81,5,6
81,7,49
81,8,7
81,9,7
81,11,12
81,13,94
81,15,28
81,16,12
81,17,13
81,18,13
81,19,53
81,21,13
81,22,15
81,25,41
81,27,77
81,28,32
81,29,116
81,30,160
81,31,123
81,34,107
81,36,49
81,37,8
81,38,12
81,40,39
81,41,19
81,42,63
81,43,30
81,44,5
81,45,36
81,46,37
81,47,59
81,48,1
81,50,12
81,51,43
81,53,9
81,54,15
81,55,9
81,56,11
81,57,80
81,59,53
81,60,37
81,61,112
81,62,147
81,63,40
81,64,29
81,66,145
81,67,30
81,69,9
81,70,44
81,71,18
81,72,71
81,73,19
81,74,14
81,75,15
81,76,32
81,77,43
81,78,24
81,79,23
81,82,74
81,83,32
81,85,49
81,87,104
81,88,20
81,89,6
81,90,117
81,91,36
81,92,28
81,94,6
81,95,8
81,96,6
81,97,128
81,98,37
81,99,166
81,100,43
81,101,43
81,102,8
81,103,48
81,105,15
81,106,21
81,107,19
81,108,169
81,110,20
81,111,36
81,112,32
81,113,61
81,115,121
81,116,8
81,117,15
82,0,20
82,1,16
82,2,7
82,3,6
82,4,9
82,5,11
82,7,35
82,8,15
82,9,15
82,11,9
82,13,21
82,15,7
82,16,12
82,17,16
82,18,16
82,19,24
82,21,10
82,22,10
82,25,21
82,27,67
82,28,7
82,29,5
82,30,6
82,31,29
82,34,48
82,36,38
82,37,11
82,38,12
82,40,4
82,41,42
82,42,13
82,43,17
82,44,14
82,45,1
82,46,1
82,47,39
82,48,37
82,50,16
82,51,61
82,53,12
82,54,10
82,55,13
82,56,40
82,57,23
82,59,20
82,60,3
82,61,7
82,62,10
82,63,2
82,64,22
82,66,9
82,67,3
82,69,14
82,70,32
82,71,8
82,72,30
82,73,17
82,74,9
82,75,9
82,76,6
82,77,4
82,78,31
82,79,7
82,83,19
82,85,17
82,87,35
82,88,54
82,89,14
82,90,60
82,91,3
82,92,7
82,94,15
82,95,12
82,96,15
82,97,12
82,98,52
82,99,15
82,100,5
82,101,5
82,102,14
82,103,21
82,105,10
82,106,8
82,107,42
82,108,16
82,110,8
82,111,1
82,112,7
82,113,21
82,115,49
82,116,15
82,117,10
83,0,59
83,1,3
83,2,52
83,3,20
83,4,14
83,5,11
83,7,6
83,8,10
83,9,9
83,11,11
83,13,59
83,15,19
83,16,8
83,17,8
83,18,7
83,19,8
83,21,15
83,22,15
83,25,3
83,27,19
83,28,20
83,29,59
83,30,79
83,31,79
83,34,15
83,36,10
83,37,10
83,38,15
83,40,17
83,41,35
83,42,39
83,43,22
83,44,12
83,45,18
83,46,19
83,47,60
83,48,32
83,50,8
83,51,31
83,53,14
83,54,15
83,55,14
83,56,29
83,57,56
83,59,10
83,60,20
83,61,59
83,62,78
83,63,20
83,64,31
83,66,77
83,67,16
83,69,13
83,70,46
83,71,16
83,72,61
83,73,5
83,74,14
83,75,15
83,76,20
83,77,19
83,78,15
83,79,17
83,82,37
83,85,11
83,87,23
83,88,46
83,89,12
83,90,8
83,91,20
83,92,19
83,94,11
83,95,14
83,96,10
83,97,54
83,98,54
83,99,71
83,100,18
83,101,18
83,102,13
83,103,7
83,105,16
83,106,16
83,107,35
83,108,72
83,110,16
83,111,18
83,112,20
83,113,47
83,115,21
83,116,9
83,117,15
84,0,27
84,1,9
84,2,27
84,3,9
84,4,4
84,5,3
84,7,19
84,8,6
84,9,6
84,11,1
84,13,27
84,15,8
84,16,4
84,17,7
84,18,7
84,19,18
84,21,5
84,22,6
84,25,14
84,27,32
84,28,9
84,29,30
84,30,41
84,31,36
84,34,36
84,36,21
84,37,2
84,38,6
84,40,9
84,41,18
84,42,18
84,43,3
84,44,6
84,45,9
84,46,9
84,47,21
84,48,12
84,50,7
84,51,25
84,53,6
84,54,6
84,55,6
84,56,14
84,57,14
84,59,16
84,60,10
84,61,29
84,62,38
84,63,10
84,64,12
84,66,37
84,67,7
84,69,6
84,70,17
84,71,5
84,72,18
84,73,8
84,74,4
84,75,4
84,76,9
84,77,11
84,78,13
84,79,6
84,82,18
84,83,11
84,85,14
84,87,30
84,88,22
84,89,6
84,90,39
84,91,10
84,92,8
84,94,6
84,95,5
84,96,6
84,97,32
84,98,24
84,99,40
84,100,11
84,101,11
84,102,6
84,103,15
84,105,6
84,106,6
84,107,18
84,108,41
84,110,6
84,111,9
84,112,9
84,113,15
84,115,39
84,116,6
84,117,5
86,0,63
86,1,10
86,2,43
86,3,21
86,4,18
86,5,15
86,7,25
86,8,17
86,9,16
86,11,14
86,13,63
86,15,21
86,16,13
86,17,15
86,18,15
86,19,11
86,21,19
86,22,19
86,25,10
86,27,54
86,28,21
86,29,54
86,30,71
86,31,85
86,34,22
86,36,30
86,37,15
86,38,20
86,40,13
86,41,55
86,42,42
86,43,26
86,44,18
86,45,16
86,46,17
86,47,76
86,48,49
86,50,15
86,51,62
86,53,19
86,54,19
86,55,19
86,56,47
86,57,60
86,59,4
86,60,19
86,61,55
86,62,74
86,63,18
86,64,40
86,66,73
86,67,16
86,69,19
86,70,58
86,71,18
86,72,70
86,73,14
86,74,18
86,75,18
86,76,21
86,77,15
86,78,30
86,79,19
86,82,33
86,83,11
86,85,1
86,87,3
86,88,71
86,89,18
86,90,29
86,91,19
86,92,20
86,94,17
86,95,19
86,96,17
86,97,42
86,98,77
86,99,55
86,100,14
86,101,14
86,102,19
86,103,7
86,105,19
86,106,19
86,107,54
86,108,56
86,110,18
86,111,16
86,112,21
86,113,54
86,115,19
86,116,17
86,117,19
88,0,33
88,1,10
88,2,42
88,3,12
88,4,6
88,5,4
88,7,18
88,8,3
88,9,3
88,11,6
88,13,33
88,15,10
88,16,6
88,17,5
88,18,5
88,19,19
88,21,5
88,22,5
88,25,15
88,27,29
88,28,11
88,29,42
88,30,58
88,31,42
88,34,38
88,36,17
88,37,5
88,38,4
88,40,15
88,41,2
88,42,22
88,43,14
88,44,1
88,45,14
88,46,14
88,47,20
88,48,6
88,50,5
88,51,16
88,53,3
88,54,5
88,55,3
88,56,7
88,57,32
88,59,20
88,60,13
88,61,40
88,62,53
88,63,15
88,64,9
88,66,52
88,67,11
88,69,2
88,70,14
88,71,7
88,72,27
88,73,7
88,74,6
88,75,6
88,76,12
88,77,16
88,78,9
88,79,9
88,82,27
88,83,12
88,85,18
88,87,38
88,89,1
88,90,42
88,91,13
88,92,10
88,94,2
88,95,3
88,96,2
88,97,47
88,98,8
88,99,61
88,100,16
88,101,16
88,102,2
88,103,18
88,105,5
88,106,8
88,107,2
88,108,62
88,110,8
88,111,13
88,112,11
88,113,22
88,115,43
88,116,3
88,117,6
89,0,33
89,1,11
89,2,43
89,3,12
89,4,6
89,5,4
89,7,19
89,8,3
89,9,3
89,11,6
89,13,33
89,15,10
89,16,6
89,17,5
89,18,5
89,19,19
89,21,5
89,22,6
89,25,15
89,27,29
89,28,11
89,29,43
89,30,59
89,31,43
89,34,38
89,36,17
89,37,5
89,38,4
89,40,15
89,41,1
89,42,22
89,43,14
89,44,1
89,45,14
89,46,14
89,47,21
89,48,7
89,50,5
89,51,17
89,53,3
89,54,5
89,55,3
89,56,8
89,57,33
89,59,20
89,60,14
89,61,41
89,62,54
89,63,15
89,64,9
89,66,53
89,67,12
89,69,2
89,70,14
89,71,7
89,72,27
89,73,8
89,74,6
89,75,6
89,76,12
89,77,16
89,78,10
89,79,9
89,82,28
89,83,12
89,85,18
89,87,39
89,88,2
89,90,43
89,91,14
89,92,10
89,94,2
89,95,3
89,96,2
89,97,48
89,98,8
89,99,62
89,100,16
89,101,16
89,102,2
89,103,18
89,105,5
89,106,8
89,107,1
89,108,63
89,110,8
89,111,14
89,112,11
89,113,23
89,115,43
89,116,3
89,117,6
90,0,66
90,1,5
90,2,56
90,3,22
90,4,17
90,5,13
90,7,11
90,8,13
90,9,12
90,11,13
90,13,66
90,15,21
90,16,10
90,17,10
90,18,10
90,19,5
90,21,17
90,22,18
90,25,1
90,27,29
90,28,22
90,29,64
90,30,86
90,31,88
90,34,10
90,36,15
90,37,13
90,38,17
90,40,18
90,41,43
90,42,44
90,43,26
90,44,14
90,45,20
90,46,20
90,47,70
90,48,39
90,50,10
90,51,41
90,53,16
90,54,18
90,55,16
90,56,36
90,57,64
90,59,9
90,60,22
90,61,64
90,62,85
90,63,22
90,64,36
90,66,84
90,67,18
90,69,16
90,70,53
90,71,18
90,72,69
90,73,8
90,74,17
90,75,17
90,76,22
90,77,20
90,78,20
90,79,19
90,82,40
90,83,3
90,85,10
90,87,20
90,88,56
90,89,15
90,91,21
90,92,21
90,94,13
90,95,16
90,96,13
90,97,58
90,98,64
90,99,76
90,100,19
90,101,19
90,102,16
90,103,5
90,105,18
90,106,19
90,107,42
90,108,76
90,110,18
90,111,20
90,112,22
90,113,54
90,115,16
90,116,12
90,117,18
91,0,14
91,1,17
91,2,14
91,3,4
91,4,8
91,5,11
91,7,37
91,8,15
91,9,15
91,11,10
91,13,15
91,15,5
91,16,13
91,17,16
91,18,16
91,19,25
91,21,9
91,22,9
91,25,22
91,27,68
91,28,5
91,29,4
91,30,8
91,31,22
91,34,51
91,36,39
91,37,11
91,38,11
91,40,6
91,41,40
91,42,9
91,43,17
91,44,13
91,45,3
91,46,3
91,47,35
91,48,37
91,50,16
91,51,61
91,53,12
91,54,9
91,55,12
91,56,39
91,57,23
91,59,21
91,60,1
91,61,2
91,62,2
91,63,2
91,64,20
91,66,1
91,67,4
91,69,13
91,70,29
91,71,7
91,72,26
91,73,17
91,74,8
91,75,8
91,76,4
91,77,6
91,78,31
91,79,6
91,82,5
91,83,20
91,85,19
91,87,39
91,88,52
91,89,14
91,90,63
91,92,5
91,94,14
91,95,11
91,96,14
91,97,19
91,98,49
91,99,24
91,100,7
91,101,7
91,102,13
91,103,22
91,105,9
91,106,7
91,107,41
91,108,24
91,110,7
91,111,3
91,112,5
91,113,18
91,115,52
91,116,15
91,117,9
92,0,4
92,1,16
92,2,26
92,3,2
92,4,5
92,5,9
92,7,34
92,8,12
92,9,12
92,11,8
92,13,4
92,15,1
92,16,11
92,17,14
92,18,14
92,19,25
92,21,6
92,22,5
92,25,22
92,27,62
92,28,2
92,29,18
92,30,27
92,31,5
92,34,51
92,36,35
92,37,9
92,38,7
92,40,10
92,41,30
92,42,3
92,43,16
92,44,10
92,45,7
92,46,7
92,47,20
92,48,28
92,50,13
92,51,52
92,53,8
92,54,5
92,55,8
92,56,32
92,57,21
92,59,23
92,60,5
92,61,16
92,62,20
92,63,7
92,64,12
92,66,20
92,67,6
92,69,9
92,70,16
92,71,4
92,72,14
92,73,16
92,74,5
92,75,5
92,76,2
92,77,11
92,78,26
92,79,2
92,82,14
92,83,19
92,85,20
92,87,42
92,88,39
92,89,10
92,90,62
92,91,5
92,94,11
92,95,8
92,96,12
92,97,31
92,98,34
92,99,40
92,100,11
92,101,11
92,102,9
92,103,23
92,105,5
92,106,3
92,107,31
92,108,41
92,110,3
92,111,7
92,112,2
92,113,9
92,115,54
92,116,12
92,117,5
93,0,65
93,1,15
93,2,69
93,3,22
93,4,10
93,5,3
93,7,29
93,8,7
93,9,6
93,11,6
93,13,65
93,15,20
93,16,4
93,17,8
93,18,8
93,19,33
93,21,11
93,22,12
93,25,24
93,27,45
93,28,22
93,29,75
93,30,102
93,31,86
93,34,66
93,36,31
93,37,3
93,38,11
93,40,24
93,41,24
93,42,44
93,43,15
93,44,7
93,45,23
93,46,24
93,47,47
93,48,11
93,50,8
93,51,29
93,53,9
93,54,12
93,55,9
93,56,11
93,57,49
93,59,32
93,60,24
93,61,73
93,62,96
93,63,26
93,64,24
93,66,94
93,67,18
93,69,10
93,70,36
93,71,13
93,72,50
93,73,12
93,74,10
93,75,11
93,76,22
93,77,27
93,78,15
93,79,16
93,82,47
93,83,19
93,85,29
93,87,62
93,88,28
93,89,8
93,90,70
93,91,24
93,92,20
93,94,7
93,95,9
93,96,7
93,97,79
93,98,39
93,99,102
93,100,27
93,101,27
93,102,10
93,103,29
93,105,12
93,106,15
93,107,23
93,108,104
93,110,14
93,111,23
93,112,22
93,113,42
93,115,74
93,116,7
93,117,12
94,0,73
94,1,18
94,2,87
94,3,26
94,4,13
94,5,8
94,7,30
94,8,1
94,9,3
94,11,12
94,13,73
94,15,22
94,16,10
94,17,7
94,18,7
94,19,35
94,21,12
94,22,13
94,25,27
94,27,45
94,28,25
94,29,90
94,30,122
94,31,96
94,34,70
94,36,28
94,37,9
94,38,11
94,40,30
94,41,10
94,42,49
94,43,28
94,44,4
94,45,28
94,46,29
94,47,51
94,48,12
94,50,6
94,51,20
94,53,8
94,54,13
94,55,8
94,56,10
94,57,69
94,59,37
94,60,29
94,61,86
94,62,114
94,63,31
94,64,24
94,66,112
94,67,24
94,69,6
94,70,37
94,71,16
94,72,62
94,73,12
94,74,13
94,75,14
94,76,25
94,77,33
94,78,13
94,79,19
94,82,58
94,83,21
94,85,34
94,87,73
94,88,13
94,89,4
94,90,76
94,91,28
94,92,22
94,95,8
94,96,1
94,97,97
94,98,28
94,99,126
94,100,33
94,101,33
94,102,6
94,103,32
94,105,13
94,106,17
94,107,9
94,108,128
94,110,17
94,111,28
94,112,25
94,113,52
94,115,80
94,116,3
94,117,14
96,0,74
96,1,18
96,2,87
96,3,26
96,4,13
96,5,8
96,7,30
96,8,1
96,9,3
96,11,12
96,13,73
96,15,23
96,16,10
96,17,6
96,18,7
96,19,35
96,21,12
96,22,13
96,25,26
96,27,44
96,28,25
96,29,90
96,30,123
96,31,96
96,34,70
96,36,28
96,37,9
96,38,11
96,40,30
96,41,11
96,42,49
96,43,28
96,44,4
96,45,28
96,46,29
96,47,52
96,48,12
96,50,6
96,51,20
96,53,8
96,54,13
96,55,8
96,56,9
96,57,70
96,59,37
96,60,29
96,61,87
96,62,114
96,63,31
96,64,24
96,66,112
96,67,24
96,69,7
96,70,37
96,71,16
96,72,63
96,73,11
96,74,13
96,75,14
96,76,25
96,77,33
96,78,12
96,79,19
96,82,58
96,83,20
96,85,34
96,87,72
96,88,14
96,89,4
96,90,76
96,91,28
96,92,23
96,94,1
96,95,8
96,97,97
96,98,29
96,99,126
96,100,33
96,101,33
96,102,6
96,103,32
96,105,13
96,106,18
96,107,9
96,108,128
96,110,17
96,111,28
96,112,25
96,113,52
96,115,80
96,116,3
96,117,14
97,0,95
97,1,47
97,2,19
97,3,28
97,4,34
97,5,38
97,7,106
97,8,49
97,9,48
97,11,32
97,13,96
97,15,32
97,16,39
97,17,50
97,18,50
97,19,67
97,21,39
97,22,38
97,25,59
97,27,207
97,28,31
97,29,48
97,30,57
97,31,134
97,34,136
97,36,117
97,37,36
97,38,43
97,40,5
97,41,145
97,42,62
97,43,57
97,44,47
97,45,12
97,46,12
97,47,153
97,48,128
97,50,49
97,51,197
97,53,44
97,54,39
97,55,44
97,56,133
97,57,96
97,59,51
97,60,20
97,61,54
97,62,74
97,63,15
97,64,84
97,66,73
97,67,16
97,69,48
97,70,122
97,71,32
97,72,124
97,73,52
97,74,34
97,75,33
97,76,30
97,77,2
97,78,98
97,79,30
97,82,24
97,83,54
97,85,42
97,87,88
97,88,187
97,89,48
97,90,172
97,91,19
97,92,31
97,94,49
97,95,43
97,96,49
97,98,186
97,99,6
97,100,1
97,101,1
97,102,48
97,103,57
97,105,39
97,106,32
97,107,145
97,108,2
97,110,31
97,111,12
97,112,32
97,113,90
97,115,135
97,116,49
97,117,37
98,0,29
98,1,12
98,2,41
98,3,11
98,4,5
98,5,5
98,7,22
98,8,4
98,9,5
98,11,6
98,13,28
98,15,9
98,16,7
98,17,7
98,18,7
98,19,21
98,21,4
98,22,4
98,25,17
98,27,37
98,28,10
98,29,40
98,30,55
98,31,36
98,34,42
98,36,21
98,37,6
98,38,2
98,40,15
98,41,6
98,42,19
98,43,14
98,44,2
98,45,13
98,46,13
98,47,15
98,48,10
98,50,7
98,51,24
98,53,1
98,54,4
98,55,1
98,56,12
98,57,31
98,59,21
98,60,13
98,61,38
98,62,49
98,63,14
98,64,6
98,66,49
98,67,11
98,69,1
98,70,9
98,71,6
98,72,23
98,73,9
98,74,5
98,75,5
98,76,10
98,77,16
98,78,13
98,79,8
98,82,26
98,83,14
98,85,20
98,87,41
98,88,8
98,89,2
98,90,48
98,91,13
98,92,9
98,94,4
98,95,2
98,96,4
98,97,47
98,99,60
98,100,16
98,101,16
98,102,1
98,103,19
98,105,4
98,106,7
98,107,7
98,108,62
98,110,7
98,111,13
98,112,10
98,113,19
98,115,47
98,116,5
98,117,4
99,0,91
99,1,46
99,2,15
99,3,27
99,4,33
99,5,37
99,7,104
99,8,48
99,9,47
99,11,30
99,13,92
99,15,30
99,16,38
99,17,49
99,18,49
99,19,67
99,21,37
99,22,37
99,25,58
99,27,203
99,28,30
99,29,46
99,30,54
99,31,130
99,34,135
99,36,115
99,37,35
99,38,42
99,40,4
99,41,141
99,42,59
99,43,54
99,44,46
99,45,11
99,46,11
99,47,147
99,48,124
99,50,48
99,51,193
99,53,43
99,54,37
99,55,43
99,56,129
99,57,90
99,59,51
99,60,19
99,61,52
99,62,71
99,63,14
99,64,81
99,66,69
99,67,15
99,69,46
99,70,118
99,71,31
99,72,119
99,73,51
99,74,33
99,75,32
99,76,29
99,77,2
99,78,95
99,79,29
99,82,22
99,83,53
99,85,42
99,87,88
99,88,182
99,89,47
99,90,170
99,91,18
99,92,30
99,94,48
99,95,42
99,96,48
99,97,4
99,98,180
99,100,2
99,101,2
99,102,46
99,103,57
99,105,38
99,106,31
99,107,141
99,108,4
99,110,30
99,111,11
99,112,31
99,113,86
99,115,135
99,116,48
99,117,36
100,0,64
100,1,31
100,2,13
100,3,19
100,4,23
100,5,25
100,7,71
100,8,33
100,9,32
100,11,21
100,13,65
100,15,21
100,16,26
100,17,33
100,18,34
100,19,45
100,21,26
100,22,26
100,25,39
100,27,138
100,28,21
100,29,33
100,30,40
100,31,90
100,34,90
100,36,78
100,37,24
100,38,29
100,40,3
100,41,97
100,42,42
100,43,38
100,44,32
100,45,8
100,46,9
100,47,102
100,48,86
100,50,33
100,51,131
100,53,30
100,54,26
100,55,30
100,56,89
100,57,64
100,59,34
100,60,14
100,61,37
100,62,51
100,63,11
100,64,56
100,66,50
100,67,11
100,69,32
100,70,82
100,71,22
100,72,84
100,73,35
100,74,23
100,75,22
100,76,20
100,77,2
100,78,65
100,79,20
100,82,17
100,83,36
100,85,28
100,87,58
100,88,125
100,89,32
100,90,114
100,91,13
100,92,21
100,94,33
100,95,29
100,96,33
100,97,2
100,98,124
100,99,5
100,101,1
100,102,32
100,103,38
100,105,26
100,106,22
100,107,97
100,108,3
100,110,21
100,111,8
100,112,22
100,113,60
100,115,90
100,116,33
100,117,25
101,0,32
101,1,16
101,2,7
101,3,10
101,4,12
101,5,13
101,7,36
101,8,17
101,9,16
101,11,11
101,13,33
101,15,11
101,16,13
101,17,17
101,18,17
101,19,23
101,21,13
101,22,13
101,25,20
101,27,69
101,28,11
101,29,17
101,30,20
101,31,45
101,34,45
101,36,39
101,37,12
101,38,15
101,40,2
101,41,48
101,42,21
101,43,19
101,44,16
101,45,4
101,46,5
101,47,51
101,48,43
101,50,17
101,51,66
101,53,15
101,54,13
101,55,15
101,56,45
101,57,32
101,59,17
101,60,7
101,61,19
101,62,26
101,63,6
101,64,28
101,66,25
101,67,6
101,69,16
101,70,41
101,71,11
101,72,42
101,73,18
101,74,12
101,75,11
101,76,10
101,77,1
101,78,33
101,79,10
101,82,9
101,83,18
101,85,14
101,87,29
101,88,63
101,89,16
101,90,57
101,91,7
101,92,11
101,94,17
101,95,15
101,96,17
101,97,1
101,98,62
101,99,2
101,100,1
101,102,16
101,103,19
101,105,13
101,106,11
101,107,49
101,108,2
101,110,11
101,111,4
101,112,11
101,113,30
101,115,45
101,116,17
101,117,13
102,0,31
102,1,12
102,2,42
102,3,11
102,4,5
102,5,5
102,7,21
102,8,4
102,9,4
102,11,6
102,13,30
102,15,9
102,16,7
102,17,6
102,18,6
102,19,20
102,21,4
102,22,5
102,25,16
102,27,34
102,28,11
102,29,41
102,30,57
102,31,39
102,34,41
102,36,20
102,37,5
102,38,3
102,40,15
102,41,4
102,42,21
102,43,15
102,44,2
102,45,13
102,46,14
102,47,17
102,48,9
102,50,6
102,51,22
102,53,2
102,54,5
102,55,2
102,56,11
102,57,32
102,59,21
102,60,13
102,61,39
102,62,52
102,63,14
102,64,7
102,66,51
102,67,11
102,69,1
102,70,11
102,71,7
102,72,25
102,73,9
102,74,5
102,75,6
102,76,11
102,77,16
102,78,12
102,79,8
102,82,27
102,83,13
102,85,19
102,87,40
102,88,6
102,89,2
102,90,46
102,91,13
102,92,9
102,94,3
102,95,2
102,96,3
102,97,48
102,98,3
102,99,62
102,100,16
102,101,16
102,103,19
102,105,5
102,106,7
102,107,5
102,108,63
102,110,7
102,111,13
102,112,10
102,113,21
102,115,46
102,116,5
102,117,5
104,0,71
104,1,8
104,2,57
104,3,24
104,4,19
104,5,16
104,7,19
104,8,16
104,9,15
104,11,15
104,13,71
104,15,23
104,16,13
104,17,14
104,18,14
104,19,4
104,21,20
104,22,20
104,25,4
104,27,44
104,28,24
104,29,67
104,30,88
104,31,95
104,34,8
104,36,23
104,37,15
104,38,20
104,40,18
104,41,53
104,42,47
104,43,30
104,44,18
104,45,20
104,46,21
104,47,80
104,48,48
104,50,14
104,51,55
104,53,19
104,54,20
104,55,19
104,56,45
104,57,70
104,59,5
104,60,23
104,61,67
104,62,89
104,63,22
104,64,41
104,66,88
104,67,19
104,69,19
104,70,61
104,71,20
104,72,78
104,73,11
104,74,19
104,75,19
104,76,24
104,77,20
104,78,27
104,79,21
104,82,42
104,83,7
104,85,7
104,87,14
104,88,69
104,89,18
104,90,13
104,91,22
104,92,23
104,94,16
104,95,19
104,96,16
104,97,57
104,98,76
104,99,76
104,100,19
104,101,19
104,102,19
104,103,1
104,105,20
104,106,21
104,107,52
104,108,76
104,110,20
104,111,20
104,112,24
104,113,60
104,115,9
104,116,15
104,117,20
105,0,18
105,1,13
105,2,33
105,3,7
105,4,2
105,5,5
105,7,26
105,8,7
105,9,8
105,11,6
105,13,18
105,15,5
105,16,8
105,17,9
105,18,10
105,19,22
105,21,1
105,22,1
105,25,18
105,27,46
105,28,7
105,29,30
105,30,42
105,31,23
105,34,45
105,36,26
105,37,6
105,38,2
105,40,12
105,41,16
105,42,13
105,43,13
105,44,5
105,45,10
105,46,10
105,47,1
105,48,15
105,50,9
105,51,34
105,53,3
105,54,1
105,55,3
105,56,19
105,57,21
105,59,21
105,60,9
105,61,28
105,62,36
105,63,11
105,64,3
105,66,36
105,67,8
105,69,4
105,70,2
105,71,3
105,72,11
105,73,12
105,74,2
105,75,3
105,76,7
105,77,13
105,78,18
105,79,4
105,82,20
105,83,16
105,85,19
105,87,41
105,88,20
105,89,5
105,90,53
105,91,9
105,92,5
105,94,7
105,95,3
105,96,7
105,97,39
105,98,14
105,99,50
105,100,13
105,101,13
105,102,5
105,103,20
105,106,3
105,107,16
105,108,51
105,110,3
105,111,10
105,112,6
105,113,10
105,115,49
105,116,8
105,117,1
107,0,34
107,1,10
107,2,43
107,3,12
107,4,6
107,5,4
107,7,18
107,8,2
107,9,3
107,11,6
107,13,34
107,15,11
107,16,6
107,17,5
107,18,5
107,19,19
107,21,5
107,22,6
107,25,15
107,27,28
107,28,12
107,29,43
107,30,59
107,31,44
107,34,38
107,36,17
107,37,5
107,38,4
107,40,15
107,41,1
107,42,23
107,43,14
107,44,1
107,45,14
107,46,14
107,47,22
107,48,7
107,50,5
107,51,16
107,53,3
107,54,6
107,55,3
107,56,7
107,57,34
107,59,20
107,60,14
107,61,42
107,62,55
107,63,15
107,64,10
107,66,54
107,67,12
107,69,2
107,70,15
107,71,7
107,72,28
107,73,7
107,74,6
107,75,7
107,76,12
107,77,17
107,78,9
107,79,9
107,82,28
107,83,12
107,85,18
107,87,39
107,88,2
107,89,1
107,90,42
107,91,14
107,92,11
107,94,2
107,95,3
107,96,2
107,97,49
107,98,9
107,99,63
107,100,17
107,101,17
107,102,2
107,103,18
107,105,6
107,106,8
107,108,64
107,110,8
107,111,14
107,112,12
107,113,24
107,115,43
107,116,3
107,117,6
108,0,31
108,1,16
108,2,6
108,3,10
108,4,12
108,5,13
108,7,36
108,8,17
108,9,16
108,11,11
108,13,32
108,15,11
108,16,13
108,17,17
108,18,17
108,19,23
108,21,13
108,22,13
108,25,20
108,27,69
108,28,11
108,29,16
108,30,19
108,31,44
108,34,46
108,36,39
108,37,12
108,38,15
108,40,2
108,41,48
108,42,21
108,43,19
108,44,16
108,45,4
108,46,4
108,47,51
108,48,43
108,50,17
108,51,66
108,53,15
108,54,13
108,55,15
108,56,44
108,57,32
108,59,17
108,60,7
108,61,18
108,62,25
108,63,5
108,64,28
108,66,24
108,67,6
108,69,16
108,70,40
108,71,11
108,72,41
108,73,18
108,74,12
108,75,11
108,76,10
108,77,1
108,78,33
108,79,10
108,82,8
108,83,18
108,85,14
108,87,30
108,88,62
108,89,16
108,90,57
108,91,6
108,92,11
108,94,16
108,95,15
108,96,16
108,97,1
108,98,62
108,99,2
108,100,1
108,101,1
108,102,16
108,103,19
108,105,13
108,106,11
108,107,48
108,110,11
108,111,4
108,112,11
108,113,30
108,115,45
108,116,17
108,117,12
109,0,13
109,1,14
109,2,25
109,3,5
109,4,2
109,5,6
109,7,28
109,8,9
109,9,9
109,11,5
109,13,13
109,15,3
109,16,8
109,17,11
109,18,11
109,19,23
109,21,3
109,22,3
109,25,19
109,27,50
109,28,5
109,29,22
109,30,31
109,31,17
109,34,45
109,36,29
109,37,6
109,38,5
109,40,10
109,41,22
109,42,9
109,43,11
109,44,7
109,45,7
109,46,8
109,47,11
109,48,20
109,50,10
109,51,40
109,53,6
109,54,3
109,55,6
109,56,23
109,57,13
109,59,21
109,60,7
109,61,20
109,62,26
109,63,8
109,64,8
109,66,25
109,67,6
109,69,7
109,70,10
109,71,1
109,72,2
109,73,13
109,74,2
109,75,2
109,76,5
109,77,11
109,78,21
109,79,2
109,82,15
109,83,16
109,85,18
109,87,38
109,88,28
109,89,8
109,90,54
109,91,7
109,92,3
109,94,9
109,95,5
109,96,9
109,97,31
109,98,24
109,99,40
109,100,11
109,101,11
109,102,7
109,103,20
109,105,3
109,106,1
109,107,23
109,108,41
109,110,1
109,111,7
109,112,5
109,113,2
109,115,48
109,116,9
109,117,3
110,0,24
110,1,27
110,2,50
110,3,9
110,4,5
110,5,12
110,7,56
110,8,18
110,9,18
110,11,11
110,13,24
110,15,6
110,16,17
110,17,21
110,18,22
110,19,45
110,21,6
110,22,6
110,25,37
110,27,100
110,28,8
110,29,43
110,30,61
110,31,32
110,34,91
110,36,58
110,37,12
110,38,9
110,40,19
110,41,45
110,42,16
110,43,22
110,44,15
110,45,14
110,46,15
110,47,22
110,48,40
110,50,21
110,51,81
110,53,11
110,54,6
110,55,11
110,56,46
110,57,26
110,59,41
110,60,13
110,61,39
110,62,50
110,63,15
110,64,16
110,66,49
110,67,11
110,69,14
110,70,21
110,71,2
110,72,6
110,73,25
110,74,5
110,75,4
110,76,9
110,77,21
110,78,41
110,79,3
110,82,29
110,83,32
110,85,36
110,87,76
110,88,57
110,89,15
110,90,108
110,91,13
110,92,6
110,94,17
110,95,11
110,96,17
110,97,62
110,98,49
110,99,79
110,100,21
110,101,21
110,102,14
110,103,40
110,105,6
110,106,1
110,107,46
110,108,81
110,111,14
110,112,8
110,113,3
110,115,97
110,116,19
110,117,5
111,0,21
111,1,16
111,2,6
111,3,6
111,4,9
111,5,11
111,7,34
111,8,14
111,9,14
111,11,9
111,13,21
111,15,7
111,16,12
111,17,15
111,18,15
111,19,23
111,21,10
111,22,10
111,25,20
111,27,65
111,28,7
111,29,7
111,30,9
111,31,30
111,34,47
111,36,37
111,37,10
111,38,12
111,40,4
111,41,41
111,42,13
111,43,16
111,44,13
111,45,1
111,46,1
111,47,38
111,48,36
111,50,15
111,51,59
111,53,12
111,54,10
111,55,12
111,56,38
111,57,21
111,59,19
111,60,3
111,61,8
111,62,11
111,63,3
111,64,22
111,66,11
111,67,3
111,69,13
111,70,31
111,71,8
111,72,29
111,73,17
111,74,9
111,75,8
111,76,7
111,77,4
111,78,30
111,79,7
111,82,2
111,83,18
111,85,16
111,87,34
111,88,52
111,89,14
111,90,58
111,91,3
111,92,7
111,94,14
111,95,12
111,96,14
111,97,12
111,98,51
111,99,14
111,100,4
111,101,4
111,102,13
111,103,20
111,105,10
111,106,8
111,107,41
111,108,15
111,110,7
111,112,7
111,113,20
111,115,48
111,116,15
111,117,9
112,0,1
112,1,18
112,2,26
112,3,2
112,4,6
112,5,10
112,7,36
112,8,13
112,9,13
112,11,9
112,13,1
112,15,2
112,16,13
112,17,15
112,18,15
112,19,26
112,21,7
112,22,6
112,25,23
112,27,66
112,28,1
112,29,18
112,30,26
112,31,3
112,34,53
112,36,37
112,37,10
112,38,8
112,40,10
112,41,33
112,42,1
112,43,18
112,44,11
112,45,7
112,46,7
112,47,24
112,48,32
112,50,15
112,51,56
112,53,9
112,54,6
112,55,9
112,56,35
112,57,25
112,59,24
112,60,5
112,61,15
112,62,19
112,63,7
112,64,14
112,66,19
112,67,7
112,69,10
112,70,19
112,71,5
112,72,19
112,73,17
112,74,6
112,75,6
112,76,1
112,77,11
112,78,29
112,79,3
112,82,14
112,83,20
112,85,21
112,87,44
112,88,43
112,89,11
112,90,66
112,91,5
112,92,2
112,94,13
112,95,9
112,96,13
112,97,32
112,98,38
112,99,41
112,100,11
112,101,11
112,102,10
112,103,24
112,105,6
112,106,4
112,107,34
112,108,42
112,110,4
112,111,7
112,113,12
112,115,56
112,116,13
112,117,6
113,0,12
113,1,14
113,2,24
113,3,5
113,4,3
113,5,6
113,7,28
113,8,9
113,9,9
113,11,5
113,13,12
113,15,3
113,16,9
113,17,11
113,18,11
113,19,23
113,21,4
113,22,3
113,25,19
113,27,51
113,28,4
113,29,21
113,30,30
113,31,16
113,34,46
113,36,29
113,37,6
113,38,5
113,40,9
113,41,23
113,42,8
113,43,11
113,44,8
113,45,7
113,46,7
113,47,12
113,48,21
113,50,11
113,51,41
113,53,6
113,54,3
113,55,6
113,56,24
113,57,12
113,59,21
113,60,6
113,61,19
113,62,24
113,63,8
113,64,9
113,66,23
113,67,5
113,69,7
113,70,12
113,71,1
113,72,4
113,73,13
113,74,3
113,75,2
113,76,4
113,77,10
113,78,21
113,79,2
113,82,14
113,83,16
113,85,18
113,87,38
113,88,30
113,89,8
113,90,54
113,91,6
113,92,3
113,94,9
113,95,6
113,96,9
113,97,30
113,98,26
113,99,38
113,100,10
113,101,10
113,102,7
113,103,20
113,105,4
113,106,1
113,107,24
113,108,40
113,110,1
113,111,7
113,112,4
113,115,48
113,116,10
113,117,3
114,0,249
114,1,35
114,2,203
114,3,82
114,4,69
114,5,59
114,7,77
114,8,59
114,9,57
114,11,58
114,13,249
114,15,80
114,16,50
114,17,52
114,18,51
114,19,11
114,21,71
114,22,73
114,25,22
114,27,177
114,28,83
114,29,234
114,30,310
114,31,335
114,34,24
114,36,88
114,37,57
114,38,72
114,40,65
114,41,194
114,42,165
114,43,114
114,44,64
114,45,72
114,46,73
114,47,289
114,48,180
114,50,52
114,51,212
114,53,69
114,54,72
114,55,69
114,56,172
114,57,259
114,59,19
114,60,79
114,61,235
114,62,314
114,63,78
114,64,147
114,66,311
114,67,68
114,69,68
114,70,220
114,71,71
114,72,282
114,73,45
114,74,69
114,75,69
114,76,82
114,77,69
114,78,103
114,79,75
114,82,147
114,83,31
114,85,28
114,87,53
114,88,255
114,89,65
114,90,69
114,91,78
114,92,80
114,94,60
114,95,68
114,96,60
114,97,203
114,98,277
114,99,269
114,100,67
114,101,67
114,102,68
114,103,13
114,105,73
114,106,74
114,107,192
114,108,269
114,110,73
114,111,72
114,112,83
114,113,216
114,115,1
114,116,57
114,117,72
116,0,79
116,1,15
116,2,88
116,3,27
116,4,15
116,5,8
116,7,25
116,8,2
116,9,1
116,11,12
116,13,78
116,15,24
116,16,9
116,17,4
116,18,4
116,19,32
116,21,14
116,22,15
116,25,24
116,27,35
116,28,27
116,29,93
116,30,126
116,31,103
116,34,65
116,36,23
116,37,9
116,38,13
116,40,30
116,41,18
116,42,53
116,43,28
116,44,6
116,45,29
116,46,30
116,47,60
116,48,16
116,50,4
116,51,10
116,53,10
116,54,15
116,55,10
116,56,10
116,57,73
116,59,35
116,60,30
116,61,90
116,62,119
116,63,32
116,64,29
116,66,117
116,67,25
116,69,9
116,70,44
116,71,18
116,72,69
116,73,9
116,74,15
116,75,16
116,76,27
116,77,33
116,78,7
116,79,21
116,82,59
116,83,18
116,85,33
116,87,69
116,88,23
116,89,6
116,90,69
116,91,30
116,92,24
116,94,3
116,95,10
116,96,3
116,97,98
116,98,39
116,99,127
116,100,33
116,101,33
116,102,9
116,103,30
116,105,15
116,106,19
116,107,17
116,108,129
116,110,19
116,111,29
116,112,26
116,113,56
116,115,75
116,117,16
117,0,17
117,1,13
117,2,31
117,3,7
117,4,2
117,5,5
117,7,26
117,8,7
117,9,8
117,11,5
117,13,17
117,15,5
117,16,8
117,17,9
117,18,10
117,19,22
117,21,1
117,22,1
117,25,18
117,27,45
117,28,6
117,29,28
117,30,39
117,31,22
117,34,44
117,36,27
117,37,6
117,38,3
117,40,11
117,41,17
117,42,12
117,43,11
117,44,6
117,45,9
117,46,10
117,47,3
117,48,16
117,50,9
117,51,34
117,53,4
117,54,1
117,55,4
117,56,19
117,57,18
117,59,21
117,60,9
117,61,26
117,62,34
117,63,10
117,64,4
117,66,33
117,67,7
117,69,5
117,70,5
117,71,2
117,72,8
117,73,12
117,74,2
117,75,2
117,76,6
117,77,13
117,78,18
117,79,4
117,82,19
117,83,15
117,85,19
117,87,39
117,88,21
117,89,6
117,90,52
117,91,9
117,92,5
117,94,7
117,95,4
117,96,7
117,97,37
117,98,16
117,99,47
117,100,13
117,101,13
117,102,5
117,103,20
117,105,1
117,106,3
117,107,17
117,108,48
117,110,3
117,111,9
117,112,6
117,113,8
117,115,48
117,116,8
